title,runtime,genre(s),director(s),writer(s),actor(s),rating(s),number of rating(s)
The Shawshank Redemption,142 min, Crime; Drama,Frank Darabont,Stephen King;Frank Darabont;Castle Rock Entertainment,Tim Robbins;Morgan Freeman;Bob Gunton;William Sadler;Clancy Brown;Gil Bellows;Mark Rolston;James Whitmore;Jeffrey DeMunn;Larry Brandenburg;Neil Giuntoli;Brian Libby;David Proval;Joseph Ragno;Jude Ciccolella,,"1,551,277"
The Godfather,175 min, Crime; Drama,Francis Ford Coppola,Mario Puzo;Francis Ford Coppola;Paramount Pictures;Alfran Productions,Marlon Brando;Al Pacino;James Caan;Richard S. Castellano;Robert Duvall;Sterling Hayden;John Marley;Richard Conte;Al Lettieri;Diane Keaton;Abe Vigoda;Talia Shire;Gianni Russo;John Cazale;Rudy Bond,,"1,061,941"
The Godfather: Part II,220 min, Crime; Drama,Francis Ford Coppola,Francis Ford Coppola;Mario Puzo;Paramount Pictures;The Coppola Company,Al Pacino;Robert Duvall;Diane Keaton;Robert De Niro;John Cazale;Talia Shire;Lee Strasberg;Michael V. Gazzo;G.D. Spradlin;Richard Bright;Gastone Moschin;Tom Rosqui;Bruno Kirby;Frank Sivero;Francesca De Sapio,,"719,164"
The Dark Knight,152 min, Action; Crime; Drama,Christopher Nolan,Jonathan Nolan;Christopher Nolan;Warner Bros.;Legendary Pictures;Syncopy,Christian Bale;Heath Ledger;Aaron Eckhart;Michael Caine;Maggie Gyllenhaal;Gary Oldman;Morgan Freeman;Monique Gabriela Curnen;Ron Dean;Cillian Murphy;Chin Han;Nestor Carbonell;Eric Roberts;Ritchie Coster;Anthony Michael Hall,,"1,526,536"
12 Angry Men,96 min, Crime; Drama,Sidney Lumet,Reginald Rose;Orion-Nova Productions,Martin Balsam;John Fiedler;Lee J. Cobb;E.G. Marshall;Jack Klugman;Edward Binns;Jack Warden;Henry Fonda;Joseph Sweeney;Ed Begley;George Voskovec;Robert Webber,,"402,284"
Schindler's List,185 min, Biography; Drama; History,Steven Spielberg,Thomas Keneally;Steven Zaillian;Universal Pictures;Amblin Entertainment,Liam Neeson;Ben Kingsley;Ralph Fiennes;Caroline Goodall;Jonathan Sagall;Embeth Davidtz;Malgorzata Gebel;Shmuel Levy;Mark Ivanir;Béatrice Macola;Andrzej Seweryn;Friedrich von Thun;Krzysztof Luft;Harry Nehring;Norbert Weisser,,"789,813"
Pulp Fiction,178 min, Crime; Drama,Quentin Tarantino,Quentin Tarantino;Roger Avary;Miramax;A Band Apart;Jersey Films,Tim Roth;Laura Lovelace;John Travolta;Samuel L. Jackson;Phil LaMarr;Amanda Plummer;Burr Steers;Bruce Willis;Ving Rhames;Rosanna Arquette;Paul Calderon;Bronagh Gallagher;Frank Whaley;Eric Stoltz;Uma Thurman,,"1,209,061"
"Il buono, il brutto, il cattivo",142 min, Western,Sergio Leone,"Luciano Vincenzoni;Sergio Leone;Produzioni Europee Associati (PEA);Arturo González Producciones Cinematográficas, S.A;Constantin Film Produktion",Eli Wallach;Clint Eastwood;Lee Van Cleef;Aldo Giuffrè;Luigi Pistilli;Rada Rassimov;Enzo Petito;Claudio Scarchilli;John Bartha;Livio Lorenzon;Antonio Casale;Sandro Scarchilli;Benito Stefanelli;Angelo Novi;Antonio Casas,,"463,322"
The Lord of the Rings: The Return of the King,263 min, Adventure; Fantasy,Peter Jackson,J.R.R. Tolkien;Fran Walsh;New Line Cinema;WingNut Films;The Saul Zaentz Company,Noel Appleby;Ali Astin;Sean Astin;David Aston;John Bach;Sean Bean;Cate Blanchett;Orlando Bloom;Billy Boyd;Sadwyn Brophy;Alistair Browning;Marton Csokas;Richard Edge;Jason Fitch;Bernard Hill,,"1,112,505"
Fight Club,151 min, Drama,David Fincher,Chuck Palahniuk;Jim Uhls;Fox 2000 Pictures;Regency Enterprises;Linson Films,Edward Norton;Brad Pitt;Helena Bonham Carter;Meat Loaf;Zach Grenier;Richmond Arquette;David Andrews;George Maguire;Eugenie Bondurant;Christina Cabot;Sydney 'Big Dawg' Colston;Rachel Singer;Christie Cronenweth;Tim DeZarn;Ezra Buzzington,,"1,224,752"
The Lord of the Rings: The Fellowship of the Ring,228 min, Adventure; Fantasy,Peter Jackson,J.R.R. Tolkien;Fran Walsh;New Line Cinema;WingNut Films;The Saul Zaentz Company,Alan Howard;Noel Appleby;Sean Astin;Sala Baker;Sean Bean;Cate Blanchett;Orlando Bloom;Billy Boyd;Marton Csokas;Megan Edwards;Michael Elsworth;Mark Ferguson;Ian Holm;Christopher Lee;Lawrence Makoare,,"1,136,988"
Star Wars: Episode V - The Empire Strikes Back,127 min, Action; Adventure; Fantasy; Sci-Fi,Irvin Kershner,Leigh Brackett;Lawrence Kasdan;Lucasfilm,Mark Hamill;Harrison Ford;Carrie Fisher;Billy Dee Williams;Anthony Daniels;David Prowse;Peter Mayhew;Kenny Baker;Frank Oz;Alec Guinness;Jeremy Bulloch;John Hollis;Jack Purvis;Des Webb;Clive Revill,,"727,874"
Forrest Gump,142 min, Drama; Romance,Robert Zemeckis,Winston Groom;Eric Roth;Paramount Pictures,Tom Hanks;Rebecca Williams;Sally Field;Michael Conner Humphreys;Harold G. Herthum;George Kelly;Bob Penny;John Randall;Sam Anderson;Margo Moorer;Ione M. Telech;Christine Seabrook;John Worsham;Peter Dobson;Siobhan Fallon Hogan,,"1,124,786"
Inception,148 min, Action; Mystery; Sci-Fi; Thriller,Christopher Nolan,Christopher Nolan;Warner Bros.;Legendary Pictures;Syncopy,Leonardo DiCaprio;Joseph Gordon-Levitt;Ellen Page;Tom Hardy;Ken Watanabe;Dileep Rao;Cillian Murphy;Tom Berenger;Marion Cotillard;Pete Postlethwaite;Michael Caine;Lukas Haas;Tai-Li Lee;Claire Geare;Magnus Nolan,,"1,325,797"
One Flew Over the Cuckoo's Nest,133 min, Drama,Milos Forman,Lawrence Hauben;Bo Goldman;Fantasy Films,Michael Berryman;Peter Brocco;Dean R. Brooks;Alonzo Brown;Scatman Crothers;Mwako Cumbuka;Danny DeVito;William Duell;Josip Elic;Lan Fendors;Louise Fletcher;Nathan George;Ken Kenny;Mel Lambert;Sydney Lassick,,"626,641"
The Lord of the Rings: The Two Towers,235 min, Adventure; Fantasy,Peter Jackson,J.R.R. Tolkien;Fran Walsh;New Line Cinema;WingNut Films;The Saul Zaentz Company,Bruce Allpress;Sean Astin;John Bach;Sala Baker;Cate Blanchett;Orlando Bloom;Billy Boyd;Jed Brophy;Sam Comery;Brad Dourif;Calum Gittins;Bernard Hill;Bruce Hopkins;Paris Howe Strewe;Christopher Lee,,"1,003,491"
Goodfellas,146 min, Biography; Crime; Drama,Martin Scorsese,Nicholas Pileggi;Nicholas Pileggi;Warner Bros.,Robert De Niro;Ray Liotta;Joe Pesci;Lorraine Bracco;Paul Sorvino;Frank Sivero;Tony Darrow;Mike Starr;Frank Vincent;Chuck Low;Frank DiLeo;Henny Youngman;Gina Mastrogiacomo;Catherine Scorsese;Charles Scorsese,,"667,697"
The Matrix,136 min, Action; Sci-Fi,Andy Wachowski;Lana Wachowski,Andy Wachowski;Lana Wachowski;Warner Bros.;Village Roadshow Pictures;Groucho II Film Partnership,Keanu Reeves;Laurence Fishburne;Carrie-Anne Moss;Hugo Weaving;Gloria Foster;Joe Pantoliano;Marcus Chong;Julian Arahanga;Matt Doran;Belinda McClory;Anthony Ray Parker;Paul Goddard;Robert Taylor;David Aston;Marc Aden Gray,,"1,113,090"
Star Wars: Episode IV - A New Hope,150 min, Action; Adventure; Fantasy; Sci-Fi,George Lucas,George Lucas;Lucasfilm;Twentieth Century Fox Film Corporation,Mark Hamill;Harrison Ford;Carrie Fisher;Peter Cushing;Alec Guinness;Anthony Daniels;Kenny Baker;Peter Mayhew;David Prowse;Phil Brown;Shelagh Fraser;Jack Purvis;Alex McCrindle;Eddie Byrne;Drewe Henley,,"798,061"
Shichinin no samurai,202 min, Drama,Akira Kurosawa,Akira Kurosawa;Shinobu Hashimoto;Toho Company,Toshirô Mifune;Takashi Shimura;Keiko Tsushima;Yukiko Shimazaki;Kamatari Fujiwara;Daisuke Katô;Isao Kimura;Minoru Chiaki;Seiji Miyaguchi;Yoshio Kosugi;Bokuzen Hidari;Yoshio Inaba;Yoshio Tsuchiya;Kokuten Kôdô;Eijirô Tôno,,"212,291"
City of God,135 min, Crime; Drama,Fernando Meirelles;Kátia Lund,Paulo Lins;Bráulio Mantovani;O2 Filmes;VideoFilmes;Globo Filmes,Alexandre Rodrigues;Leandro Firmino;Phellipe Haagensen;Douglas Silva;Jonathan Haagensen;Matheus Nachtergaele;Seu Jorge;Jefechander Suplino;Alice Braga;Emerson Gomes;Edson Oliveira;Michel de Souza;Roberta Rodrigues;Luis Otávio;Maurício Marques,,"491,650"
Se7en,127 min, Crime; Drama; Mystery; Thriller,David Fincher,Andrew Kevin Walker;Cecchi Gori Pictures;Juno Pix;New Line Cinema,Morgan Freeman;Andrew Kevin Walker;Daniel Zacapa;Brad Pitt;Gwyneth Paltrow;John Cassini;Bob Mack;Peter Crombie;Reg E. Cathey;R. Lee Ermey;George Christy;Endre Hules;Hawthorne James;William Davidson;Bob Collins,,"931,269"
The Silence of the Lambs,138 min, Crime; Drama; Thriller,Jonathan Demme,Thomas Harris;Ted Tally;Strong Heart/Demme Production;Orion Pictures,Jodie Foster;Lawrence A. Bonney;Kasi Lemmons;Lawrence T. Wrentz;Scott Glenn;Anthony Heald;Frankie Faison;Don Brockett;Frank Seals Jr.;Stuart Rudin;Anthony Hopkins;Maria Skorobogatov;Jeffrie Lane;Leib Lensky;George 'Red' Schwartz,,"800,975"
The Usual Suspects,106 min, Crime; Drama; Thriller,Bryan Singer,Christopher McQuarrie;PolyGram Filmed Entertainment;Spelling Films International;Blue Parrot,Stephen Baldwin;Gabriel Byrne;Benicio Del Toro;Kevin Pollak;Kevin Spacey;Chazz Palminteri;Pete Postlethwaite;Suzy Amis;Giancarlo Esposito;Dan Hedaya;Paul Bartel;Carl Bressler;Phillipe Simon;Jack Shearer;Christine Estabrook,,"679,673"
It's a Wonderful Life,118 min, Drama; Family; Fantasy,Frank Capra,Frances Goodrich;Albert Hackett;Liberty Films (II),James Stewart;Donna Reed;Lionel Barrymore;Thomas Mitchell;Henry Travers;Beulah Bondi;Frank Faylen;Ward Bond;Gloria Grahame;H.B. Warner;Todd Karns;Samuel S. Hinds;Mary Treen;Frank Albertson;Virginia Patton,,"250,036"
La vita è bella,122 min, Comedy; Drama; Romance,Roberto Benigni,Vincenzo Cerami;Roberto Benigni;Melampo Cinematografica;Cecchi Gori Group Tiger Cinematografica,Roberto Benigni;Nicoletta Braschi;Giorgio Cantarini;Giustino Durano;Sergio Bini Bustric;Marisa Paredes;Horst Buchholz;Giuliana Lojodice;Amerigo Fontani;Pietro De Silva;Francesco Guzzo;Raffaella Lebboroni;Claudio Alfonsi;Gil Baroni;Massimo Bianchi,,"375,733"
Léon,133 min, Crime; Drama; Thriller,Luc Besson,Luc Besson;Gaumont;Les Films du Dauphin,Jean Reno;Gary Oldman;Natalie Portman;Danny Aiello;Peter Appel;Willi One Blood;Don Creech;Keith A. Glascoe;Randolph Scott;Michael Badalucco;Ellen Greene;Elizabeth Regen;Carl J. Matusovich;Frank Senger;Lucius Wyatt Cherokee,,"660,121"
Once Upon a Time in the West,229 min, Western,Sergio Leone,Sergio Donati;Sergio Leone;Rafran Cinematografica;Finanzia San Marco;Paramount Pictures,Claudia Cardinale;Henry Fonda;Jason Robards;Charles Bronson;Gabriele Ferzetti;Paolo Stoppa;Woody Strode;Jack Elam;Keenan Wynn;Frank Wolff;Lionel Stander,,"198,615"
Interstellar,169 min, Adventure; Drama; Sci-Fi,Christopher Nolan,Jonathan Nolan;Christopher Nolan;Paramount Pictures;Warner Bros.;Legendary Pictures,Ellen Burstyn;Matthew McConaughey;Mackenzie Foy;John Lithgow;Timothée Chalamet;David Oyelowo;Collette Wolfe;Francis X. McCarthy;Bill Irwin;Anne Hathaway;Andrew Borba;Wes Bentley;William Devane;Michael Caine;David Gyasi,,"762,681"
Saving Private Ryan,169 min, Action; Drama; War,Steven Spielberg,Robert Rodat;DreamWorks SKG;Paramount Pictures;Amblin Entertainment,Tom Hanks;Tom Sizemore;Edward Burns;Barry Pepper;Adam Goldberg;Vin Diesel;Giovanni Ribisi;Jeremy Davies;Matt Damon;Ted Danson;Paul Giamatti;Dennis Farina;Joerg Stadler;Max Martini;Dylan Bruno,,"800,383"
De reis van Chihiro,125 min, Animation; Adventure; Family; Fantasy,Hayao Miyazaki,Hayao Miyazaki;Tokuma Shoten;Studio Ghibli;Nippon Television Network (NTV),Rumi Hiiragi;Miyu Irino;Mari Natsuki;Takashi Naitô;Yasuko Sawaguchi;Tatsuya Gashûin;Ryûnosuke Kamiki;Yumi Tamai;Yô Ôizumi;Koba Hayashi;Tsunehiko Kamijô;Takehiko Ono;Bunta Sugawara;Shigeru Wakita;Shirô Saitô,,"373,328"
American History X,101 min, Crime; Drama,Tony Kaye,"David McKenna;New Line Cinema;Savoy Pictures;Turman-Morrissey Company, The",Edward Norton;Edward Furlong;Beverly D'Angelo;Jennifer Lien;Ethan Suplee;Fairuza Balk;Avery Brooks;Elliott Gould;Stacy Keach;William Russ;Guy Torry;Joe Cortese;Jason Bose Smith;Antonio David Lyons;Alex Sol,,"719,155"
Casablanca,82 min, Drama; Romance; War,Michael Curtiz,Julius J. Epstein;Philip G. Epstein;Warner Bros.,Humphrey Bogart;Ingrid Bergman;Paul Henreid;Claude Rains;Conrad Veidt;Sydney Greenstreet;Peter Lorre;S.Z. Sakall;Madeleine Lebeau;Dooley Wilson;Joy Page;John Qualen;Leonid Kinskey;Curt Bois,,"360,466"
Psycho,108 min, Horror; Mystery; Thriller,Alfred Hitchcock,Joseph Stefano;Robert Bloch;Shamley Productions,Anthony Perkins;Vera Miles;John Gavin;Janet Leigh;Martin Balsam;John McIntire;Simon Oakland;Frank Albertson;Patricia Hitchcock;Vaughn Taylor;Lurene Tuttle;John Anderson;Mort Mills,,"385,715"
City Lights,87 min, Comedy; Drama; Romance,Charles Chaplin,Charles Chaplin;Charles Chaplin Productions,Virginia Cherrill;Florence Lee;Harry Myers;Al Ernest Garcia;Hank Mann;Charles Chaplin,,"96,759"
Indiana Jones and the Raiders of the Lost Ark,115 min, Action; Adventure,Steven Spielberg,Lawrence Kasdan;George Lucas;Paramount Pictures;Lucasfilm,Harrison Ford;Karen Allen;Paul Freeman;Ronald Lacey;John Rhys-Davies;Denholm Elliott;Alfred Molina;Wolf Kahler;Anthony Higgins;Vic Tablian;Don Fellows;William Hootkins;Bill Reimbold;Fred Sorenson;Patrick Durkin,,"605,248"
Rear Window,112 min, Mystery; Thriller,Alfred Hitchcock,John Michael Hayes;Cornell Woolrich;Paramount Pictures;Patron Inc.,James Stewart;Grace Kelly;Wendell Corey;Thelma Ritter;Raymond Burr;Judith Evelyn;Ross Bagdasarian;Georgine Darcy;Sara Berner;Frank Cady;Jesslyn Fax;Rand Harper;Irene Winston;Havis Davenport,,"289,794"
The Intouchables,112 min, Biography; Comedy; Drama,Olivier Nakache;Eric Toledano,Olivier Nakache;Eric Toledano;Quad Productions;Ten Films;Canal+,François Cluzet;Omar Sy;Anne Le Ny;Audrey Fleurot;Joséphine de Meaux;Clotilde Mollet;Alba Gaïa Kraghede Bellugi;Cyril Mendy;Salimata Kamate;Absa Diatou Toure;Grégoire Oestermann;Dominique Daguier;François Caron;Christian Ameri;Thomas Solivéres,,"440,633"
Modern Times,87 min, Comedy; Drama,Charles Chaplin,Charles Chaplin;Charles Chaplin Productions,Charles Chaplin;Paulette Goddard;Henry Bergman;Tiny Sandford;Chester Conklin;Hank Mann;Stanley Blystone;Al Ernest Garcia;Richard Alexander;Cecil Reynolds;Mira McKinney;Murdock MacQuarrie;Wilfred Lucas;Edward LeSaint;Fred Malatesta,,"127,366"
The Green Mile,189 min, Crime; Drama; Fantasy; Mystery,Frank Darabont,Stephen King;Frank Darabont;Castle Rock Entertainment;Darkwoods Productions;Warner Bros.,Tom Hanks;David Morse;Michael Clarke Duncan;Bonnie Hunt;James Cromwell;Michael Jeter;Graham Greene;Doug Hutchison;Sam Rockwell;Barry Pepper;Jeffrey DeMunn;Patricia Clarkson;Harry Dean Stanton;Dabbs Greer;Eve Brent,,"703,082"
Terminator 2: Judgment Day,153 min, Action; Sci-Fi,James Cameron,James Cameron;William Wisher Jr.;Carolco Pictures;Pacific Western;Lightstorm Entertainment,Arnold Schwarzenegger;Linda Hamilton;Edward Furlong;Robert Patrick;Earl Boen;Joe Morton;S. Epatha Merkerson;Castulo Guerra;Danny Cooksey;Jenette Goldstein;Xander Berkeley;Leslie Hamilton Gearren;Ken Gibbel;Robert Winley;Peter Schrum,,"682,611"
Whiplash,107 min, Drama; Music,Damien Chazelle,Damien Chazelle;Bold Films;Blumhouse Productions;Right of Way Films,Miles Teller;J.K. Simmons;Paul Reiser;Melissa Benoist;Austin Stowell;Nate Lang;Chris Mulkey;Damon Gupton;Suanne Spoke;Max Kasch;Charlie Ian;Jayson Blair;Kofi Siriboe;Kavita Patil;C.J. Vana,,"306,266"
The Pianist,142 min, Biography; Drama; War,Roman Polanski,Ronald Harwood;Wladyslaw Szpilman;R.P. Productions;Heritage Films;Studio Babelsberg,Adrien Brody;Emilia Fox;Michal Zebrowski;Ed Stoppard;Maureen Lipman;Frank Finlay;Jessica Kate Meyer;Julia Rayner;Wanja Mues;Richard Ridings;Nomi Sharron;Anthony Milner;Lucy Skeaping;Roddy Skeaping;Ben Harlan,,"449,853"
The Departed,151 min, Crime; Drama; Thriller,Martin Scorsese,William Monahan;Alan Mak;Warner Bros.;Plan B Entertainment;Initial Entertainment Group (IEG),Leonardo DiCaprio;Matt Damon;Jack Nicholson;Mark Wahlberg;Martin Sheen;Ray Winstone;Vera Farmiga;Anthony Anderson;Alec Baldwin;Kevin Corrigan;James Badge Dale;David O'Hara;Mark Rolston;Robert Wahlberg;Kristen Dalton,,"793,630"
Memento,113 min, Mystery; Thriller,Christopher Nolan,Christopher Nolan;Jonathan Nolan;Newmarket Capital Group;Team Todd;I Remember Productions,Guy Pearce;Carrie-Anne Moss;Joe Pantoliano;Mark Boone Junior;Russ Fega;Jorja Fox;Stephen Tobolowsky;Harriet Sansom Harris;Thomas Lennon;Callum Keith Rennie;Kimberly Campbell;Marianne Muellerleile;Larry Holden,,"778,210"
Back to the Future,116 min, Adventure; Comedy; Sci-Fi,Robert Zemeckis,Robert Zemeckis;Bob Gale;Universal Pictures;Amblin Entertainment;U-Drive Productions,Michael J. Fox;Christopher Lloyd;Lea Thompson;Crispin Glover;Thomas F. Wilson;Claudia Wells;Marc McClure;Wendie Jo Sperber;George DiCenzo;Frances Lee McCain;James Tolkan;J.J. Cohen;Casey Siemaszko;Billy Zane;Harry Waters Jr.,,"657,669"
Gladiator,171 min, Action; Drama,Ridley Scott,David Franzoni;David Franzoni;DreamWorks SKG;Universal Pictures;Scott Free Productions,Russell Crowe;Joaquin Phoenix;Connie Nielsen;Oliver Reed;Richard Harris;Derek Jacobi;Djimon Hounsou;David Schofield;John Shrapnel;Tomas Arana;Ralf Moeller;Spencer Treat Clark;David Hemmings;Tommy Flanagan;Sven-Ole Thorsen,,"895,432"
Apocalypse Now,289 min, Drama; War,Francis Ford Coppola,John Milius;Francis Ford Coppola;Zoetrope Studios;Zoetrope Studios,Marlon Brando;Martin Sheen;Robert Duvall;Frederic Forrest;Sam Bottoms;Laurence Fishburne;Albert Hall;Harrison Ford;Dennis Hopper;G.D. Spradlin;Jerry Ziesmer;Scott Glenn;Bo Byers;James Keane;Kerry Rossall,,"416,560"
Dr. Strangelove or: How I Learned to Stop Worrying and Love the Bomb,95 min, Comedy; War,Stanley Kubrick,Stanley Kubrick;Terry Southern;Columbia Pictures Corporation;Hawk Films,Peter Sellers;George C. Scott;Sterling Hayden;Keenan Wynn;Slim Pickens;Peter Bull;James Earl Jones;Tracy Reed;Jack Creley;Frank Berry;Robert O'Neil;Glenn Beck;Roy Stephens;Shane Rimmer;Hal Galili,,"317,652"
Sunset Blvd.,104 min, Drama; Film-Noir,Billy Wilder,Charles Brackett;Billy Wilder;Paramount Pictures,William Holden;Gloria Swanson;Erich von Stroheim;Nancy Olson;Fred Clark;Lloyd Gough;Jack Webb;Franklyn Farnum;Larry J. Blake;Charles Dayton;Cecil B. DeMille;Hedda Hopper;Buster Keaton;Anna Q. Nilsson;H.B. Warner,,"128,103"
The Prestige,130 min, Drama; Mystery; Thriller,Christopher Nolan,Jonathan Nolan;Christopher Nolan;Touchstone Pictures;Warner Bros.;Newmarket Productions,Hugh Jackman;Christian Bale;Michael Caine;Piper Perabo;Rebecca Hall;Scarlett Johansson;Samantha Mahurin;David Bowie;Andy Serkis;Daniel Davis;Jim Piddock;Christopher Neame;Mark Ryan;Roger Rees;Jamie Harris,,"762,829"
Alien,116 min, Horror; Sci-Fi,Ridley Scott,Dan O'Bannon;Ronald Shusett;Brandywine Productions;Twentieth Century-Fox Productions,Tom Skerritt;Sigourney Weaver;Veronica Cartwright;Harry Dean Stanton;John Hurt;Ian Holm;Yaphet Kotto;Bolaji Badejo;Helen Horton,,"515,140"
De leeuwenkoning,73 min, Animation; Adventure; Drama; Family; Musical,Roger Allers;Rob Minkoff,Irene Mecchi;Jonathan Roberts;Walt Disney Pictures;Walt Disney Feature Animation,Matthew Broderick;Jonathan Taylor Thomas;James Earl Jones;Jim Cummings;Jeremy Irons;Moira Kelly;Niketa Calame;Ernie Sabella;Nathan Lane;Robert Guillaume;Rowan Atkinson;Madge Sinclair;Whoopi Goldberg;Cheech Marin;Jason Weaver,,"574,863"
De dictator,125 min, Comedy; Drama; War,Charles Chaplin,Charles Chaplin;Charles Chaplin Productions,Charles Chaplin;Jack Oakie;Reginald Gardiner;Henry Daniell;Billy Gilbert;Grace Hayle;Carter DeHaven;Paulette Goddard;Maurice Moscovitch;Emma Dunn;Bernard Gorcey;Paul Weigel;Chester Conklin;Esther Michelson;Hank Mann,,"122,891"
The Lives of Others,137 min, Drama; Thriller,Florian Henckel von Donnersmarck,Florian Henckel von Donnersmarck;Wiedemann &amp; Berg Filmproduktion;Bayerischer Rundfunk (BR);Arte,Martina Gedeck;Ulrich Mühe;Sebastian Koch;Ulrich Tukur;Thomas Thieme;Hans-Uwe Bauer;Volkmar Kleinert;Matthias Brenner;Charly Hübner;Herbert Knaup;Bastian Trost;Marie Gruber;Volker Michalowski;Werner Daehn;Martin Brambach,,"237,485"
Nuovo Cinema Paradiso,124 min, Drama,Giuseppe Tornatore,Giuseppe Tornatore;Giuseppe Tornatore;Cristaldifilm;Les Films Ariane;Rai 3,Antonella Attili;Enzo Cannavale;Isa Danieli;Leo Gullotta;Marco Leonardi;Pupella Maggio;Agnese Nano;Leopoldo Trieste;Salvatore Cascio;Tano Cimarosa;Nicola Di Pinto;Roberta Lena;Nino Terzo;Jacques Perrin;Brigitte Fossey,,"137,323"
The Shining,146 min, Drama; Horror,Stanley Kubrick,Stephen King;Stanley Kubrick;Warner Bros.;Hawk Films;Peregrine,Jack Nicholson;Shelley Duvall;Danny Lloyd;Scatman Crothers;Barry Nelson;Philip Stone;Joe Turkel;Anne Jackson;Tony Burton;Lia Beldam;Billie Gibson;Barry Dennen;David Baxt;Manning Redwood;Lisa Burns,,"553,291"
Django Unchained,165 min, Western,Quentin Tarantino,"Quentin Tarantino;Weinstein Company, The;Columbia Pictures",Jamie Foxx;Christoph Waltz;Leonardo DiCaprio;Kerry Washington;Samuel L. Jackson;Walton Goggins;Dennis Christopher;James Remar;David Steen;Dana Gourrier;Nichole Galicia;Laura Cayouette;Ato Essandoh;Sammi Rotibi;Clay Donahue Fontenot,,"843,282"
Paths of Glory,88 min, Drama; War,Stanley Kubrick,Stanley Kubrick;Calder Willingham;Bryna Productions,Kirk Douglas;Ralph Meeker;Adolphe Menjou;George Macready;Wayne Morris;Richard Anderson;Joe Turkel;Christiane Kubrick;Jerry Hausner;Peter Capell;Emile Meyer;Bert Freed;Kem Dibbs;Timothy Carey;Fred Bell,,"109,846"
The Dark Knight Rises,164 min, Action; Thriller,Christopher Nolan,Jonathan Nolan;Christopher Nolan;Warner Bros.;Legendary Pictures;DC Entertainment,Christian Bale;Gary Oldman;Tom Hardy;Joseph Gordon-Levitt;Anne Hathaway;Marion Cotillard;Morgan Freeman;Michael Caine;Matthew Modine;Alon Aboutboul;Ben Mendelsohn;Burn Gorman;Daniel Sunjata;Aidan Gillen;Sam Kennard,,"1,035,402"
WALL·E,98 min, Animation; Adventure; Family; Sci-Fi,Andrew Stanton,Andrew Stanton;Pete Docter;Walt Disney Pictures;Pixar Animation Studios,Ben Burtt;Elissa Knight;Jeff Garlin;Fred Willard;MacInTalk;John Ratzenberger;Kathy Najimy;Sigourney Weaver;Teddy Newton;Bob Bergen;John Cygan;Pete Docter;Paul Eiding;Donald Fullilove;Teresa Ganzel,,"646,133"
American Beauty,122 min, Drama; Romance,Sam Mendes,Alan Ball;DreamWorks SKG;Jinks/Cohen Company,Kevin Spacey;Annette Bening;Thora Birch;Wes Bentley;Mena Suvari;Chris Cooper;Peter Gallagher;Allison Janney;Scott Bakula;Sam Robards;Barry Del Sherman;Ara Celi;John Cho;Fort Atkinson;Sue Casey,,"758,299"
Hotaru no haka,89 min, Animation; Drama; War,Isao Takahata,Akiyuki Nosaka;Isao Takahata;Shinchosha Company;Studio Ghibli,Tsutomu Tatsumi;Ayano Shiraishi;Yoshiko Shinohara;Akemi Yamaguchi;Shannon Conley;Crispin Freeman;Dan Green;Amy Jones;George Leaver;Corinne Orr;J. Robert Spencer;Nick Sullivan;Veronica Taylor,,"121,681"
Aliens,154 min, Action; Horror; Sci-Fi,James Cameron,James Cameron;David Giler;Twentieth Century Fox Film Corporation;Brandywine Productions;SLM Production Group,Sigourney Weaver;Carrie Henn;Michael Biehn;Paul Reiser;Lance Henriksen;Bill Paxton;Jenette Goldstein;William Hope;Al Matthews;Mark Rolston;Ricco Ross;Colette Hiller;Daniel Kash;Cynthia Dale Scott;Tip Tipping,,"450,515"
Citizen Kane,119 min, Drama; Mystery,Orson Welles,Herman J. Mankiewicz;Orson Welles;RKO Radio Pictures;Mercury Productions,Joseph Cotten;Dorothy Comingore;Agnes Moorehead;Ruth Warrick;Ray Collins;Erskine Sanford;Everett Sloane;William Alland;Paul Stewart;George Coulouris;Fortunio Bonanova;Gus Schilling;Philip Van Zandt;Georgia Backus;Harry Shannon,,"276,551"
North by Northwest,136 min, Adventure; Mystery; Thriller,Alfred Hitchcock,Ernest Lehman;Metro-Goldwyn-Mayer (MGM),Cary Grant;Eva Marie Saint;James Mason;Jessie Royce Landis;Leo G. Carroll;Josephine Hutchinson;Philip Ober;Martin Landau;Adam Williams;Edward Platt;Robert Ellenstein;Les Tremayne;Philip Coolidge;Patrick McVey;Edward Binns,,"204,537"
Oldeuboi,120 min, Drama; Mystery; Thriller,Chan-wook Park,Garon Tsuchiya;Nobuaki Minegishi;Egg Films;Show East,Min-sik Choi;Ji-tae Yu;Hye-jeong Kang;Dae-han Ji;Dal-su Oh;Byeong-ok Kim;Seung-shin Lee;Jin-seo Yoon;Dae-yeon Lee;Kwang-rok Oh;Tae-kyung Oh;Yeon-suk Ahn;Il-han Oo;Su-hyeon Kim;Seung-jin Lee,,"322,969"
Mononoke-hime,134 min, Animation; Adventure; Fantasy,Hayao Miyazaki,Hayao Miyazaki;DENTSU Music And Entertainment;Nibariki;Nippon Television Network (NTV),Billy Crudup;Billy Bob Thornton;Minnie Driver;John DiMaggio;Claire Danes;John DeMita;Jada Pinkett Smith;Gillian Anderson;Keith David;Corey Burton;Tara Strong;Sherry Lynn;Matt K. Miller;Marnie Mosiman;Julia Fletcher,,"199,982"
Vertigo,129 min, Mystery; Romance; Thriller,Alfred Hitchcock,Alec Coppel;Samuel A. Taylor;Alfred J. Hitchcock Productions,James Stewart;Kim Novak;Barbara Bel Geddes;Tom Helmore;Henry Jones;Raymond Bailey;Ellen Corby;Konstantin Shayne;Lee Patrick,,"226,352"
Star Wars: Episode VI - Return of the Jedi,164 min, Action; Adventure; Fantasy; Sci-Fi,Richard Marquand,Lawrence Kasdan;George Lucas;Lucasfilm,Mark Hamill;Harrison Ford;Carrie Fisher;Billy Dee Williams;Anthony Daniels;Peter Mayhew;Sebastian Shaw;Ian McDiarmid;Frank Oz;James Earl Jones;David Prowse;Alec Guinness;Kenny Baker;Michael Pennington;Kenneth Colley,,"580,505"
Das Boot,138 min, Adventure; Drama; War,Wolfgang Petersen,Wolfgang Petersen;Lothar G. Buchheim;Bavaria Film;Radiant Film GmbH;Süddeutscher Rundfunk (SDR),Jürgen Prochnow;Herbert Grönemeyer;Klaus Wennemann;Hubertus Bengsch;Martin Semmelrogge;Bernd Tauber;Erwin Leder;Martin May;Heinz Hoenig;Uwe Ochsenknecht;Claude-Oliver Rudolph;Jan Fedder;Ralf Richter;Joachim Bernhard;Oliver Stritzel,,"155,709"
M,108 min, Crime; Drama; Thriller,Fritz Lang,Thea von Harbou;Fritz Lang;Nero-Film AG,Peter Lorre;Ellen Widmann;Inge Landgut;Otto Wernicke;Theodor Loos;Gustaf Gründgens;Friedrich Gnaß;Fritz Odemar;Paul Kemp;Theo Lingen;Rudolf Blümner;Georg John;Franz Stein;Ernst Stahl-Nachbaur;Gerhard Bienert,,"91,138"
Once Upon a Time in America,251 min, Crime; Drama,Sergio Leone,"Harry Grey;Leonardo Benvenuti;Ladd Company, The;Embassy International Pictures;PSO International",Robert De Niro;James Woods;Elizabeth McGovern;Joe Pesci;Burt Young;Tuesday Weld;Treat Williams;Danny Aiello;Richard Bright;James Hayden;William Forsythe;Darlanne Fluegel;Larry Rapp;Richard Foronjy;Robert Harper,,"201,870"
Amélie,122 min, Comedy; Romance,Jean-Pierre Jeunet,Guillaume Laurant;Jean-Pierre Jeunet;Claudie Ossard Productions;Union Générale Cinématographique (UGC);Victoires Productions,Audrey Tautou;Mathieu Kassovitz;Rufus;Lorella Cravotta;Serge Merlin;Jamel Debbouze;Clotilde Mollet;Claire Maurier;Isabelle Nanty;Dominique Pinon;Artus de Penguern;Yolande Moreau;Urbain Cancelier;Maurice Bénichou;Michel Robin,,"490,361"
Inside Out,94 min, Animation; Adventure; Comedy; Drama; Family; Fantasy,Pete Docter;Ronnie Del Carmen,Pete Docter;Ronnie Del Carmen;Walt Disney Pictures;Pixar Animation Studios,Amy Poehler;Phyllis Smith;Richard Kind;Bill Hader;Lewis Black;Mindy Kaling;Kaitlyn Dias;Diane Lane;Kyle MacLachlan;Paula Poundstone;Bobby Moynihan;Paula Pell;Dave Goelz;Frank Oz;Josh Cooley,,"172,394"
Witness for the Prosecution,116 min, Drama; Mystery; Thriller,Billy Wilder,Agatha Christie;Billy Wilder;Edward Small Productions,Tyrone Power;Marlene Dietrich;Charles Laughton;Elsa Lanchester;John Williams;Henry Daniell;Ian Wolfe;Torin Thatcher;Norma Varden;Una O'Connor;Francis Compton;Philip Tonge;Ruta Lee,,"55,740"
Reservoir Dogs,99 min, Crime; Drama,Quentin Tarantino,Quentin Tarantino;Roger Avary;Live Entertainment;Dog Eat Dog Productions Inc.,Harvey Keitel;Tim Roth;Michael Madsen;Chris Penn;Steve Buscemi;Lawrence Tierney;Edward Bunker;Quentin Tarantino;Randy Brooks;Kirk Baltz;Steven Wright;Rich Turner;David Steen;Tony Cosmo;Stevo Polyi,,"601,407"
Braveheart,178 min, Biography; Drama; History; War,Mel Gibson,"Randall Wallace;Icon Entertainment International;Ladd Company, The;B.H. Finance C.V.",James Robinson;Sean Lawlor;Sandy Nelson;James Cosmo;Sean McGinley;Alan Tall;Andrew Weir;Gerda Stevenson;Ralph Riach;Mhairi Calvey;Brian Cox;Patrick McGoohan;Peter Hanly;Sophie Marceau;Stephen Billington,,"676,123"
Toy Story 3,103 min, Animation; Adventure; Comedy; Family; Fantasy,Lee Unkrich,John Lasseter;Andrew Stanton;Walt Disney Pictures;Pixar Animation Studios,Tom Hanks;Tim Allen;Joan Cusack;Ned Beatty;Don Rickles;Michael Keaton;Wallace Shawn;John Ratzenberger;Estelle Harris;John Morris;Jodi Benson;Emily Hahn;Laurie Metcalf;Blake Clark;Teddy Newton,,"490,349"
A Clockwork Orange,136 min, Crime; Drama; Sci-Fi,Stanley Kubrick,Stanley Kubrick;Anthony Burgess;Warner Bros.;Hawk Films,Malcolm McDowell;Patrick Magee;Michael Bates;Warren Clarke;John Clive;Adrienne Corri;Carl Duering;Paul Farrell;Clive Francis;Michael Gover;Miriam Karlin;James Marcus;Aubrey Morris;Godfrey Quigley;Sheila Raynor,,"508,595"
Requiem for a Dream,102 min, Drama,Darren Aronofsky,Hubert Selby Jr.;Hubert Selby Jr.;Artisan Entertainment;Thousand Words;Sibling Productions,Ellen Burstyn;Jared Leto;Jennifer Connelly;Marlon Wayans;Christopher McDonald;Louise Lasser;Marcia Jean Kurtz;Janet Sarno;Suzanne Shepherd;Joanne Gordon;Charlotte Aronofsky;Mark Margolis;Michael Kaycheck;Jack O'Connell;Chas Mastin,,"528,046"
Taxi Driver,110 min, Crime; Drama,Martin Scorsese,Paul Schrader;Columbia Pictures Corporation;Bill/Phillips;Italo/Judeo Productions,Diahnne Abbott;Frank Adu;Victor Argo;Gino Ardito;Garth Avery;Peter Boyle;Albert Brooks;Harry Cohn;Copper Cunningham;Robert De Niro;Brenda Dickson;Harry Fischler;Jodie Foster;Nat Grant;Leonard Harris,,"461,003"
Double Indemnity,90 min, Crime; Drama; Film-Noir; Thriller,Billy Wilder,Billy Wilder;Raymond Chandler;Paramount Pictures,Fred MacMurray;Barbara Stanwyck;Edward G. Robinson;Porter Hall;Jean Heather;Tom Powers;Byron Barr;Richard Gaines;Fortunio Bonanova;John Philliber,,"89,578"
To Kill a Mockingbird,129 min, Drama,Robert Mulligan,Harper Lee;Horton Foote;Universal International Pictures (UI);Pakula-Mulligan;Brentwood Productions,Gregory Peck;John Megna;Frank Overton;Rosemary Murphy;Ruth White;Brock Peters;Estelle Evans;Paul Fix;Collin Wilcox Paxton;James Anderson;Alice Ghostley;Robert Duvall;William Windom;Crahan Denton;Richard Hale,,"195,449"
Lawrence of Arabia,227 min, Adventure; Biography; Drama; History; War,David Lean,T.E. Lawrence;Robert Bolt;Horizon Pictures (II),Peter O'Toole;Alec Guinness;Anthony Quinn;Jack Hawkins;Omar Sharif;José Ferrer;Anthony Quayle;Claude Rains;Arthur Kennedy;Donald Wolfit;I.S. Johar;Gamil Ratib;Michel Ray;John Dimech;Zia Mohyeddin,,"176,182"
Eternal Sunshine of the Spotless Mind,108 min, Drama; Romance; Sci-Fi,Michel Gondry,Charlie Kaufman;Michel Gondry;Focus Features;Anonymous Content;This Is That Productions,Jim Carrey;Kate Winslet;Gerry Robert Byrne;Elijah Wood;Thomas Jay Ryan;Mark Ruffalo;Jane Adams;David Cross;Kirsten Dunst;Tom Wilkinson;Ryan Whitney;Debbon Ayer;Amir Ali Said;Brian Price;Paulie Litt,,"610,354"
Full Metal Jacket,116 min, Drama; War,Stanley Kubrick,Gustav Hasford;Stanley Kubrick;Natant;Stanley Kubrick Productions;Warner Bros.,Matthew Modine;Adam Baldwin;Vincent D'Onofrio;R. Lee Ermey;Dorian Harewood;Kevyn Major Howard;Arliss Howard;Ed O'Ross;John Terry;Kieron Jecchinis;Kirk Taylor;Tim Colceri;Jon Stafford;Bruce Boa;Ian Tyler,,"441,216"
Amadeus,180 min, Biography; Drama; History; Music,Milos Forman,Peter Shaffer;Peter Shaffer;AMLF;The Saul Zaentz Company,F. Murray Abraham;Tom Hulce;Elizabeth Berridge;Roy Dotrice;Simon Callow;Christine Ebersole;Jeffrey Jones;Charles Kay;Kenneth McMillan;Kenny Baker;Lisbeth Bartlett;Barbara Bryne;Martin Cavina;Roderick Cook;Milan Demjanenko,,"248,057"
The Sting,129 min, Comedy; Crime; Drama,George Roy Hill,David S. Ward;Zanuck/Brown Productions;Universal Pictures,Paul Newman;Robert Redford;Robert Shaw;Charles Durning;Ray Walston;Eileen Brennan;Harold Gould;John Heffernan;Dana Elcar;Jack Kehoe;Dimitra Arliss;Robert Earl Jones;James Sloyan;Charles Dierkop;Lee Paul,,"160,963"
Singin' in the Rain,103 min, Comedy; Musical; Romance,Stanley Donen;Gene Kelly,Adolph Green;Betty Comden;Metro-Goldwyn-Mayer (MGM);Loew's,Gene Kelly;Donald O'Connor;Debbie Reynolds;Jean Hagen;Millard Mitchell;Cyd Charisse;Douglas Fowley;Rita Moreno,,"137,260"
Ladri di biciclette,80 min, Drama,Vittorio De Sica,Cesare Zavattini;Luigi Bartolini;Produzioni De Sica (PDS);Produzioni De Sica,Lamberto Maggiorani;Enzo Staiola;Lianella Carell;Gino Saltamerenda;Vittorio Antonucci;Giulio Chiari;Elena Altieri;Carlo Jachino;Michele Sakara;Emma Druetti;Fausto Guerzoni,,"85,218"
2001: A Space Odyssey,146 min, Mystery; Sci-Fi,Stanley Kubrick,Stanley Kubrick;Arthur C. Clarke;Metro-Goldwyn-Mayer (MGM);Stanley Kubrick Productions,Keir Dullea;Gary Lockwood;William Sylvester;Daniel Richter;Leonard Rossiter;Margaret Tyzack;Robert Beatty;Sean Sullivan;Douglas Rain;Frank Miller;Bill Weston;Ed Bishop;Glenn Beck;Alan Gifford;Ann Gillis,,"387,707"
Snatch.,104 min, Comedy; Crime,Guy Ritchie,Guy Ritchie;Columbia Pictures Corporation;SKA Films,Benicio Del Toro;Dennis Farina;Vinnie Jones;Brad Pitt;Rade Serbedzija;Jason Statham;Alan Ford;Mike Reid;Robbie Gee;Lennie James;Ewen Bremner;Jason Flemyng;Ade;William Beck;Andy Beckwith,,"554,361"
Monty Python and the Holy Grail,91 min, Adventure; Comedy; Fantasy,Terry Gilliam;Terry Jones,Graham Chapman;John Cleese;Michael White Productions;National Film Trustee Company;Python (Monty) Pictures,Graham Chapman;John Cleese;Eric Idle;Terry Gilliam;Terry Jones;Michael Palin;Connie Booth;Carol Cleveland;Neil Innes;Bee Duffell;John Young;Rita Davies;Avril Stewart;Sally Kinghorn;Mark Zycon,,"353,522"
The Kid,50 min, Comedy; Drama; Family,Charles Chaplin,Charles Chaplin;Charles Chaplin Productions,Carl Miller;Edna Purviance;Jackie Coogan;Charles Chaplin,,"58,875"
Toy Story,74 min, Animation; Adventure; Comedy; Family; Fantasy,John Lasseter,John Lasseter;Pete Docter;Pixar Animation Studios;Walt Disney Pictures,Tom Hanks;Tim Allen;Don Rickles;Jim Varney;Wallace Shawn;John Ratzenberger;Annie Potts;John Morris;Erik von Detten;Laurie Metcalf;R. Lee Ermey;Sarah Freeman;Penn Jillette;Jack Angel;Spencer Aste,,"559,147"
Per qualche dollaro in più,132 min, Western,Sergio Leone,Sergio Leone;Fulvio Morsella;Produzioni Europee Associati (PEA);Arturo González Producciones Cinematográficas;Constantin Film Produktion,Clint Eastwood;Lee Van Cleef;Gian Maria Volonté;Mario Brega;Luigi Pistilli;Aldo Sambrell;Klaus Kinski;Benito Stefanelli;Luis Rodríguez;Panos Papadopulos;Mara Krupp;Roberto Camardiel;Joseph Egger;Tomás Blanco;Lorenzo Robledo,,"141,236"
L.A. Confidential,138 min, Crime; Drama; Mystery; Thriller,Curtis Hanson,"James Ellroy;Brian Helgeland;Regency Enterprises;Wolper Organization, The;Warner Bros.",Kevin Spacey;Russell Crowe;Guy Pearce;James Cromwell;Kim Basinger;Danny DeVito;David Strathairn;Ron Rifkin;Matt McCoy;Paul Guilfoyle;Paolo Seganti;Elisabeth Granli;Sandra Taylor;Steve Rankin;Graham Beckel,,"386,631"
Rashômon,88 min, Crime; Drama,Akira Kurosawa,Ryûnosuke Akutagawa;Akira Kurosawa;Daiei Motion Picture Company,Toshirô Mifune;Machiko Kyô;Masayuki Mori;Takashi Shimura;Minoru Chiaki;Kichijirô Ueda;Noriko Honma;Daisuke Katô,,"93,657"
Inglourious Basterds,153 min, Adventure; Drama; War,Quentin Tarantino;Eli Roth,"Quentin Tarantino;Universal Pictures;Weinstein Company, The;A Band Apart",Brad Pitt;Mélanie Laurent;Christoph Waltz;Eli Roth;Michael Fassbender;Diane Kruger;Daniel Brühl;Til Schweiger;Gedeon Burkhard;Jacky Ido;B.J. Novak;Omar Doom;August Diehl;Denis Ménochet;Sylvester Groth,,"789,528"
The Apartment,125 min, Comedy; Drama; Romance,Billy Wilder,"Billy Wilder;I.A.L. Diamond;Mirisch Corporation, The",Jack Lemmon;Shirley MacLaine;Fred MacMurray;Ray Walston;Jack Kruschen;David Lewis;Hope Holiday;Joan Shawlee;Naomi Stevens;Johnny Seven;Joyce Jameson;Willard Waterman;David White;Edie Adams,,"99,451"
All About Eve,138 min, Drama,Joseph L. Mankiewicz,Joseph L. Mankiewicz;Twentieth Century Fox Film Corporation,Bette Davis;Anne Baxter;George Sanders;Celeste Holm;Gary Merrill;Hugh Marlowe;Gregory Ratoff;Barbara Bates;Marilyn Monroe;Thelma Ritter;Walter Hampden;Randy Stuart;Craig Hill;Leland Harris;Barbara White,,"76,557"
The Treasure of the Sierra Madre,126 min, Action; Adventure; Drama; Western,John Huston,John Huston;B. Traven;Warner Bros.,Humphrey Bogart;Walter Huston;Tim Holt;Bruce Bennett;Barton MacLane;Alfonso Bedoya;Arturo Soto Rangel;Manuel Dondé;José Torvay;Margarito Luna,,"73,111"
Indiana Jones and the Last Crusade,127 min, Action; Adventure,Steven Spielberg,Jeffrey Boam;George Lucas;Paramount Pictures;Lucasfilm,Harrison Ford;Sean Connery;Denholm Elliott;Alison Doody;John Rhys-Davies;Julian Glover;River Phoenix;Michael Byrne;Kevork Malikyan;Robert Eddison;Richard Young;Alexei Sayle;Alex Hyde-White;Paul Maxwell;Isla Blair,,"470,051"
Jodaeiye Nader az Simin,123 min, Drama,Asghar Farhadi,Asghar Farhadi;Asghar Farhadi,Peyman Moaadi;Leila Hatami;Sareh Bayat;Shahab Hosseini;Sarina Farhadi;Merila Zare'i;Ali-Asghar Shahbazi;Babak Karimi;Kimia Hosseini;Shirin Yazdanbakhsh;Sahabanu Zolghadr;Mohammadhasan Asghari;Shirin Azimiyannezhad;Hamid Dadju;Mohammad Ebrahimian,,"138,788"
Metropolis,145 min, Drama; Sci-Fi,Fritz Lang,Thea von Harbou;Thea von Harbou;Universum Film (UFA),Alfred Abel;Gustav Fröhlich;Rudolf Klein-Rogge;Fritz Rasp;Theodor Loos;Erwin Biswanger;Heinrich George;Brigitte Helm,,"102,257"
Yôjinbô,110 min, Drama,Akira Kurosawa,Akira Kurosawa;Akira Kurosawa;Kurosawa Production Co.;Toho Company,Toshirô Mifune;Tatsuya Nakadai;Yôko Tsukasa;Isuzu Yamada;Daisuke Katô;Seizaburô Kawazu;Takashi Shimura;Hiroshi Tachikawa;Yôsuke Natsuki;Eijirô Tôno;Kamatari Fujiwara;Ikio Sawamura;Atsushi Watanabe;Susumu Fujita;Kyû Sazanka,,"67,697"
Scarface,142 min, Crime; Drama,Brian De Palma,Oliver Stone;Universal Pictures,Al Pacino;Steven Bauer;Michelle Pfeiffer;Mary Elizabeth Mastrantonio;Robert Loggia;Miriam Colon;F. Murray Abraham;Paul Shenar;Harris Yulin;Ángel Salazar;Arnaldo Santana;Pepe Serna;Michael P. Moran;Al Israel;Dennis Holahan,,"492,410"
Some Like It Hot,120 min, Comedy,Billy Wilder,"Billy Wilder;I.A.L. Diamond;Ashton Productions;Mirisch Corporation, The",Marilyn Monroe;Tony Curtis;Jack Lemmon;George Raft;Pat O'Brien;Joe E. Brown;Nehemiah Persoff;Joan Shawlee;Billy Gray;George E. Stone;Dave Barry;Mike Mazurki;Harry Wilson;Beverly Wills;Barbara Drew,,"161,627"
Batman Begins,128 min, Action; Adventure,Christopher Nolan,Bob Kane;David S. Goyer;Warner Bros.;Syncopy;DC Comics,Christian Bale;Michael Caine;Liam Neeson;Katie Holmes;Gary Oldman;Cillian Murphy;Tom Wilkinson;Rutger Hauer;Ken Watanabe;Mark Boone Junior;Linus Roache;Morgan Freeman;Larry Holden;Gerard Murphy;Colin McFarlane,,"884,622"
The Third Man,104 min, Film-Noir; Mystery; Thriller,Carol Reed,Graham Greene;Graham Greene;Carol Reed's Production;London Film Productions,Joseph Cotten;Alida Valli;Orson Welles;Trevor Howard;Bernard Lee;Paul Hörbiger;Ernst Deutsch;Siegfried Breuer;Erich Ponto;Wilfrid Hyde-White;Hedwig Bleibtreu,,"105,054"
Unforgiven,131 min, Western,Clint Eastwood,David Webb Peoples;Warner Bros.;Malpaso Productions,Clint Eastwood;Gene Hackman;Morgan Freeman;Richard Harris;Jaimz Woolvett;Saul Rubinek;Frances Fisher;Anna Levine;David Mucci;Rob Campbell;Anthony James;Tara Frederick;Beverley Elliott;Liisa Repo-Martell;Josie Smith,,"256,060"
3 Idiots,170 min, Comedy; Drama,Rajkumar Hirani,Rajkumar Hirani;Abhijat Joshi;Vinod Chopra Productions,Aamir Khan;Madhavan;Sharman Joshi;Kareena Kapoor;Boman Irani;Omi Vaidya;Mona Singh;Javed Jaffrey;Parikshat Sahni;Olivier Lafont;Rahul Kumar;Amardeep Jha;Farida Dadi;Mukund Bhatt;Chaitali Bose,,"177,617"
Up,96 min, Animation; Adventure; Comedy; Family,Pete Docter;Bob Peterson,Pete Docter;Bob Peterson;Walt Disney Pictures;Pixar Animation Studios,Edward Asner;Christopher Plummer;Jordan Nagai;Bob Peterson;Delroy Lindo;Jerome Ranft;John Ratzenberger;David Kaye;Elie Docter;Jeremy Leary;Mickie McGowan;Danny Mann;Donald Fullilove;Jess Harnell;Josh Cooley,,"593,219"
Raging Bull,121 min, Biography; Drama; Sport,Martin Scorsese,Jake LaMotta;Joseph Carter;United Artists;Chartoff-Winkler Productions,Robert De Niro;Cathy Moriarty;Joe Pesci;Frank Vincent;Nicholas Colasanto;Theresa Saldana;Mario Gallo;Frank Adonis;Joseph Bono;Frank Topham;Lori Anne Flax;Charles Scorsese;Don Dunphy;Bill Hanrahan;Rita Bennett,,"217,292"
Jagten,115 min, Drama,Thomas Vinterberg,Tobias Lindholm;Thomas Vinterberg;Danmarks Radio (DR);Det Danske Filminstitut;Eurimages,Mads Mikkelsen;Thomas Bo Larsen;Annika Wedderkopp;Lasse Fogelstrøm;Susse Wold;Anne Louise Hassing;Lars Ranthe;Alexandra Rapaport;Sebastian Bull Sarning;Steen Ordell Guldbrand Jensen;Daniel Engstrup;Troels Thorsen;Søren Rønholt;Hana Shuan;Jytte Kvinesdal,,"145,562"
Der Untergang,178 min, Biography; Drama; War,Oliver Hirschbiegel,Bernd Eichinger;Joachim Fest;Constantin Film Produktion;Norddeutscher Rundfunk (NDR);Westdeutscher Rundfunk (WDR),Bruno Ganz;Alexandra Maria Lara;Corinna Harfouch;Ulrich Matthes;Juliane Köhler;Heino Ferch;Christian Berkel;Matthias Habich;Thomas Kretschmann;Michael Mendl;André Hennicke;Ulrich Noethen;Birgit Minichmayr;Rolf Kanies;Justus von Dohnányi,,"230,363"
Good Will Hunting,126 min, Drama,Gus Van Sant,Matt Damon;Ben Affleck;Be Gentlemen Limited Partnership;Lawrence Bender Productions;Miramax,Matt Damon;Robin Williams;Ben Affleck;Stellan Skarsgård;Minnie Driver;Casey Affleck;Cole Hauser;John Mighton;Rachel Majorowski;Colleen McCauley;Matt Mercier;Ralph St. George;Rob Lynds;Dan Washington;Alison Folland,,"549,020"
The Great Escape,172 min, Adventure; Drama; History; War,John Sturges,"Paul Brickhill;James Clavell;Mirisch Company, The;Alpha",Steve McQueen;James Garner;Richard Attenborough;James Donald;Charles Bronson;Donald Pleasence;James Coburn;Hannes Messemer;David McCallum;Gordon Jackson;John Leyton;Angus Lennie;Nigel Stock;Robert Graf;Jud Taylor,,"152,396"
Chinatown,130 min, Crime; Drama; Mystery; Thriller,Roman Polanski,Robert Towne;Paramount Pictures;Penthouse;Long Road Productions,Jack Nicholson;Faye Dunaway;John Huston;Perry Lopez;John Hillerman;Darrell Zwerling;Diane Ladd;Roy Jenson;Roman Polanski;Richard Bakalyan;Joe Mantell;Bruce Glover;Nandu Hinds;James O'Rear;James Hong,,"199,310"
Die Hard,131 min, Action; Thriller,John McTiernan,Roderick Thorp;Jeb Stuart;Twentieth Century Fox Film Corporation;Gordon Company;Silver Pictures,Bruce Willis;Bonnie Bedelia;Reginald VelJohnson;Paul Gleason;William Atherton;Hart Bochner;James Shigeta;Alan Rickman;Alexander Godunov;Bruno Doyon;De'voreaux White;Andreas Wisniewski;Clarence Gilyard Jr.;Joey Plewa;Lorenzo Caccialanza,,"546,226"
Heat,170 min, Action; Crime; Drama; Thriller,Michael Mann,Michael Mann;Warner Bros.;Regency Enterprises;Forward Pass,Al Pacino;Robert De Niro;Val Kilmer;Jon Voight;Tom Sizemore;Diane Venora;Amy Brenneman;Ashley Judd;Mykelti Williamson;Wes Studi;Ted Levine;Dennis Haysbert;William Fichtner;Natalie Portman;Tom Noonan,,"400,186"
On the Waterfront,108 min, Crime; Drama,Elia Kazan,Budd Schulberg;Budd Schulberg;Columbia Pictures Corporation;Horizon Pictures,Marlon Brando;Karl Malden;Lee J. Cobb;Rod Steiger;Pat Henning;Leif Erickson;James Westerfield;Tony Galento;Tami Mauriello;John F. Hamilton;John Heldabrand;Rudy Bond;Don Blackman;Arthur Keegan;Abe Simon,,"92,184"
Pan's Labyrinth,112 min, Drama; Fantasy; War,Guillermo del Toro,Guillermo del Toro;Estudios Picasso;Tequila Gang;Esperanto Filmoj,Ivana Baquero;Sergi López;Maribel Verdú;Doug Jones;Ariadna Gil;Álex Angulo;Manolo Solo;César Vea;Roger Casamajor;Ivan Massagué;Gonzalo Uriarte;Eusebio Lázaro;Francisco Vidal;Juanjo Cucalón;Lina Mira,,"430,828"
Mr. Smith Goes to Washington,120 min, Drama,Frank Capra,Sidney Buchman;Lewis R. Foster;Columbia Pictures Corporation,Jean Arthur;James Stewart;Claude Rains;Edward Arnold;Guy Kibbee;Thomas Mitchell;Eugene Pallette;Beulah Bondi;H.B. Warner;Harry Carey;Astrid Allwyn;Ruth Donnelly;Grant Mitchell;Porter Hall;Larry Simms,,"71,582"
The Bridge on the River Kwai,161 min, Adventure; Drama; War,David Lean,Pierre Boulle;Carl Foreman;Columbia Pictures Corporation;Horizon Pictures (II),William Holden;Alec Guinness;Jack Hawkins;Sessue Hayakawa;James Donald;Geoffrey Horne;André Morell;Peter Williams;John Boxer;Percy Herbert;Harold Goodwin;Ann Sears;Heihachirô Ôkawa;Keiichirô Katsumoto;M.R.B. Chakrabandhu,,"136,849"
Tonari no Totoro,86 min, Animation; Family; Fantasy,Hayao Miyazaki,Hayao Miyazaki;Tokuma Japan Communications;Studio Ghibli;Nibariki,Chika Sakamoto;Hitoshi Takagi;Noriko Hidaka;Shigesato Itoi;Tanie Kitabayashi;Toshiyuki Amagasa;Naoki Tatsuta;Frank Welker;Lea Salonga;Pat Carroll;Tim Daly;Paul Butcher;Cheryl Chase;Shigeru Chiba;Lara Cody,,"150,375"
Ran,162 min, Action; Drama; War,Akira Kurosawa,Akira Kurosawa;Hideo Oguni;Greenwich Film Productions;Herald Ace;Nippon Herald Films,Tatsuya Nakadai;Akira Terao;Jinpachi Nezu;Daisuke Ryû;Mieko Harada;Yoshiko Miyazaki;Hisashi Igawa;Pîtâ;Masayuki Yui;Kazuo Katô;Norio Matsui;Toshiya Ito;Kenji Kodama;Takashi Watanabe;Mansai Nomura,,"71,370"
The Gold Rush,81 min, Adventure; Comedy; Drama,Charles Chaplin,Charles Chaplin;Charles Chaplin Productions,Charles Chaplin;Mack Swain;Tom Murray;Henry Bergman;Malcolm Waite;Georgia Hale,,"61,143"
Ikiru,123 min, Drama,Akira Kurosawa,Akira Kurosawa;Shinobu Hashimoto;Toho Company,Takashi Shimura;Shin'ichi Himori;Haruo Tanaka;Minoru Chiaki;Miki Odagiri;Bokuzen Hidari;Minosuke Yamada;Kamatari Fujiwara;Makoto Kobori;Nobuo Kaneko;Nobuo Nakamura;Atsushi Watanabe;Isao Kimura;Masao Shimizu;Yûnosuke Itô,,"38,109"
Det sjunde inseglet,96 min, Drama; Fantasy,Ingmar Bergman,Ingmar Bergman;Ingmar Bergman;Svensk Filmindustri (SF),Gunnar Björnstrand;Bengt Ekerot;Nils Poppe;Max von Sydow;Bibi Andersson;Inga Gill;Maud Hansson;Inga Landgré;Gunnel Lindblom;Bertil Anderberg;Anders Ek;Åke Fridell;Gunnar Olsson;Erik Strandmark,,"102,366"
Blade Runner,117 min, Sci-Fi; Thriller,Ridley Scott,"Hampton Fancher;David Webb Peoples;Ladd Company, The;Shaw Brothers;Warner Bros.",Harrison Ford;Rutger Hauer;Sean Young;Edward James Olmos;M. Emmet Walsh;Daryl Hannah;William Sanderson;Brion James;Joe Turkel;Joanna Cassidy;James Hong;Morgan Paull;Kevin Thompson;John Edward Allen;Hy Pyke,,"427,642"
El secreto de sus ojos,129 min, Drama; Mystery; Thriller,Juan José Campanella,Eduardo Sacheri;Juan José Campanella;Tornasol Films;Haddock Films;100 Bares,Soledad Villamil;Ricardo Darín;Carla Quevedo;Pablo Rago;Javier Godino;Bárbara Palladino;Rudy Romano;Alejandro Abelenda;Mario Alarcón;Guillermo Francella;Sebastián Blanco;Mariano Argento;José Luis Gioia;Juan José Ortíz;Kiko Cerone,,"114,960"
Smultronstället,91 min, Drama,Ingmar Bergman,Ingmar Bergman;Svensk Filmindustri (SF),Victor Sjöström;Bibi Andersson;Ingrid Thulin;Gunnar Björnstrand;Jullan Kindahl;Folke Sundquist;Björn Bjelfvenstam;Naima Wifstrand;Gunnel Broström;Gertrud Fridh;Sif Ruud;Gunnar Sjöberg;Max von Sydow;Åke Fridell;Yngve Nordwall,,"57,873"
"Lock, Stock and Two Smoking Barrels",120 min, Comedy; Crime,Guy Ritchie,"Guy Ritchie;Summit Entertainment;Steve Tisch Company, The;SKA Films",Jason Flemyng;Dexter Fletcher;Nick Moran;Jason Statham;Steven Mackintosh;Nicholas Rowe;Nick Marcq;Charles Forbes;Vinnie Jones;Lenny McLean;Peter McNicholl;P.H. Moriarty;Frank Harper;Steve Sweeney;Huggy Leaver,,"385,330"
The General,78 min, Action; Adventure; Comedy; War,Clyde Bruckman;Buster Keaton,Buster Keaton;Clyde Bruckman;Buster Keaton Productions;Joseph M. Schenck Productions,Buster Keaton;Marion Mack;Glen Cavender;Jim Farley;Frederick Vroom;Charles Henry Smith;Frank Barnes;Joe Keaton;Mike Donlin;Tom Nawn,,"48,217"
The Elephant Man,124 min, Biography; Drama,David Lynch,Christopher De Vore;Eric Bergren;Brooksfilms,Anthony Hopkins;John Hurt;Anne Bancroft;John Gielgud;Wendy Hiller;Freddie Jones;Michael Elphick;Hannah Gordon;Helen Ryan;John Standing;Dexter Fletcher;Lesley Dunlop;Phoebe Nicholls;Pat Gorman;Claire Davenport,,"150,148"
Mad Max: Fury Road,120 min, Action; Adventure; Sci-Fi; Thriller,George Miller,George Miller;Brendan McCarthy;Kennedy Miller Productions;Village Roadshow Pictures;Village Roadshow Pictures,Tom Hardy;Charlize Theron;Nicholas Hoult;Hugh Keays-Byrne;Josh Helman;Nathan Jones;Zoë Kravitz;Rosie Huntington-Whiteley;Riley Keough;Abbey Lee;Courtney Eaton;John Howard;Richard Carter;Iota;Angus Sampson,,"366,362"
Casino,178 min, Biography; Crime; Drama,Martin Scorsese,Nicholas Pileggi;Nicholas Pileggi;Universal Pictures;Syalis DA;Légende Entreprises,Robert De Niro;Sharon Stone;Joe Pesci;James Woods;Don Rickles;Alan King;Kevin Pollak;L.Q. Jones;Dick Smothers;Frank Vincent;John Bloom;Pasquale Cajano;Melissa Prophet;Bill Allison;Vinny Vella,,"305,185"
Hauru no ugoku shiro,119 min, Animation; Adventure; Family; Fantasy,Hayao Miyazaki,Hayao Miyazaki;Diana Wynne Jones;Buena Vista Home Entertainment;DENTSU Music And Entertainment;Mitsubishi,Chieko Baishô;Takuya Kimura;Akihiro Miwa;Tatsuya Gashûin;Ryûnosuke Kamiki;Mitsunori Isaki;Yô Ôizumi;Akio Ôtsuka;Daijirô Harada;Haruko Katô;Jean Simmons;Christian Bale;Lauren Bacall;Blythe Danner;Emily Mortimer,,"191,148"
Warrior,140 min, Drama; Sport,Gavin O'Connor,Gavin O'Connor;Anthony Tambakis;Lionsgate;Mimran Schur Pictures;Solaris,Joel Edgerton;Tom Hardy;Nick Nolte;Jennifer Morrison;Frank Grillo;Kevin Dunn;Maximiliano Hernández;Bryan Callen;Sam Sheridan;Fernando Chien;Jake McLaughlin;Vanessa Martinez;Denzel Whitaker;Carlos Miranda;Manuel Espinosa,,"300,964"
The Wolf of Wall Street,240 min, Biography; Comedy; Crime; Drama,Martin Scorsese,Terence Winter;Jordan Belfort;Paramount Pictures;Red Granite Pictures;Appian Way,Leonardo DiCaprio;Jonah Hill;Margot Robbie;Matthew McConaughey;Kyle Chandler;Rob Reiner;Jon Bernthal;Jon Favreau;Jean Dujardin;Joanna Lumley;Cristin Milioti;Christine Ebersole;Shea Whigham;Katarina Cas;P.J. Byrne,,"666,025"
Gran Torino,116 min, Drama,Clint Eastwood,Nick Schenk;Dave Johannson;Matten Productions;Double Nickel Entertainment;Gerber Pictures,Clint Eastwood;Christopher Carley;Bee Vang;Ahney Her;Brian Haley;Geraldine Hughes;Dreama Walker;Brian Howe;John Carroll Lynch;William Hill;Brooke Chia Thao;Chee Thao;Choua Kue;Scott Eastwood;Xia Soua Chang,,"519,033"
V for Vendetta,132 min, Action; Drama; Thriller,James McTeigue,Andy Wachowski;Lana Wachowski;Warner Bros.;Virtual Studios;Silver Pictures,Natalie Portman;Hugo Weaving;Stephen Rea;Stephen Fry;John Hurt;Tim Pigott-Smith;Rupert Graves;Roger Allam;Ben Miles;Sinéad Cusack;Natasha Wightman;John Standing;Eddie Marsan;Clive Ashborn;Emma Field-Rayner,,"725,340"
Oordeel te Neurenberg,186 min, Drama; History; War,Stanley Kramer,Abby Mann;Abby Mann;Roxlom Films Inc.,Spencer Tracy;Burt Lancaster;Richard Widmark;Marlene Dietrich;Maximilian Schell;Judy Garland;Montgomery Clift;William Shatner;Werner Klemperer;Kenneth MacKenna;Torben Meyer;Joseph Bernard;Alan Baxter;Edward Binns;Virginia Christine,,"39,518"
The Big Lebowski,117 min, Comedy; Crime,Joel Coen;Ethan Coen,Ethan Coen;Joel Coen;Polygram Filmed Entertainment;Working Title Films,Jeff Bridges;John Goodman;Julianne Moore;Steve Buscemi;David Huddleston;Philip Seymour Hoffman;Tara Reid;Philip Moon;Mark Pellegrino;Peter Stormare;Flea;Torsten Voges;Jimmie Dale Gilmore;Jack Kehler;John Turturro,,"491,292"
The Martian,144 min, Adventure; Comedy; Drama; Sci-Fi,Ridley Scott,Drew Goddard;Andy Weir;Twentieth Century Fox Film Corporation;TSG Entertainment;Scott Free Productions,Matt Damon;Jessica Chastain;Kristen Wiig;Jeff Daniels;Michael Peña;Sean Bean;Kate Mara;Sebastian Stan;Aksel Hennie;Chiwetel Ejiofor;Benedict Wong;Mackenzie Davis;Donald Glover;Nick Mohammed;Chen Shu,,"149,103"
Rebecca,130 min, Film-Noir; Mystery; Thriller,Alfred Hitchcock,Daphne Du Maurier;Robert E. Sherwood;Selznick International Pictures,Laurence Olivier;Joan Fontaine;George Sanders;Judith Anderson;Nigel Bruce;Reginald Denny;C. Aubrey Smith;Gladys Cooper;Florence Bates;Melville Cooper;Leo G. Carroll;Leonard Carey;Lumsden Hare;Edward Fielding;Philip Winter,,"80,747"
A Beautiful Mind,135 min, Biography; Drama,Ron Howard,Akiva Goldsman;Sylvia Nasar;Universal Pictures;DreamWorks SKG;Imagine Entertainment,Russell Crowe;Ed Harris;Jennifer Connelly;Christopher Plummer;Paul Bettany;Adam Goldberg;Josh Lucas;Anthony Rapp;Jason Gray-Stanford;Judd Hirsch;Austin Pendleton;Vivien Cardone;Jillie Simon;Victor Steinbach;Tanya Clarke,,"549,279"
The Deer Hunter,183 min, Drama; War,Michael Cimino,Michael Cimino;Deric Washburn;EMI Films;Universal Pictures,Robert De Niro;John Cazale;John Savage;Christopher Walken;Meryl Streep;George Dzundza;Chuck Aspegren;Shirley Stoler;Rutanya Alda;Pierre Segui;Mady Kaplan;Amy Wright;Mary Ann Haenel;Richard Kuss;Joe Grifasi,,"215,617"
How to Train Your Dragon,98 min, Animation; Adventure; Family; Fantasy,Dean DeBlois;Chris Sanders,William Davies;Dean DeBlois;DreamWorks Animation;Mad Hatter Entertainment;Vertigo Entertainment,Jay Baruchel;Gerard Butler;Craig Ferguson;America Ferrera;Jonah Hill;Christopher Mintz-Plasse;T.J. Miller;Kristen Wiig;Robin Atkin Downes;Philip McGrade;Kieron Elliott;Ashley Jensen;David Tennant,,"435,123"
Cool Hand Luke,126 min, Crime; Drama,Stuart Rosenberg,Donn Pearce;Frank Pierson;Jalem Productions,Paul Newman;George Kennedy;J.D. Cannon;Lou Antonio;Robert Drivas;Strother Martin;Jo Van Fleet;Clifton James;Morgan Woodward;Luke Askew;Marc Cavell;Richard Davalos;Robert Donner;Warren Finnerty;Dennis Hopper,,"111,391"
Gone with the Wind,226 min, Drama; Romance; War,Victor Fleming;George Cukor,Margaret Mitchell;Sidney Howard;Selznick International Pictures;Metro-Goldwyn-Mayer (MGM),Thomas Mitchell;Barbara O'Neil;Vivien Leigh;Evelyn Keyes;Ann Rutherford;George Reeves;Fred Crane;Hattie McDaniel;Oscar Polk;Butterfly McQueen;Victor Jory;Everett Brown;Howard C. Hickman;Alicia Rhett;Leslie Howard,,"198,633"
Fargo,98 min, Crime; Drama; Thriller,Joel Coen;Ethan Coen,Ethan Coen;Joel Coen;PolyGram Filmed Entertainment;Working Title Films,William H. Macy;Steve Buscemi;Peter Stormare;Kristin Rudrüd;Harve Presnell;Tony Denman;Gary Houston;Sally Wingert;Kurt Schweickhardt;Larissa Kokernot;Melissa Peterman;Steve Reevis;Warren Keith;Steve Edelman;Sharon Anderson,,"412,511"
Trainspotting,94 min, Drama,Danny Boyle,Irvine Welsh;John Hodge;Channel Four Films;Figment Films;The Noel Gay Motion Picture Company,Ewan McGregor;Ewen Bremner;Jonny Lee Miller;Kevin McKidd;Robert Carlyle;Kelly Macdonald;Peter Mullan;James Cosmo;Eileen Nicholas;Susan Vidler;Pauline Lynch;Shirley Henderson;Stuart McQuarrie;Irvine Welsh;Dale Winton,,"433,256"
Dial M for Murder,105 min, Crime; Thriller,Alfred Hitchcock,Frederick Knott;Frederick Knott;Warner Bros.,Ray Milland;Grace Kelly;Robert Cummings;John Williams;Anthony Dawson;Leo Britt;Patrick Allen;George Leigh;George Alderson;Robin Hughes,,"96,048"
Het gebeurde op 'n avond,65 min, Comedy; Romance,Frank Capra,Robert Riskin;Samuel Hopkins Adams;Columbia Pictures Corporation,Clark Gable;Claudette Colbert;Walter Connolly;Roscoe Karns;Jameson Thomas;Alan Hale;Arthur Hoyt;Blanche Friderici;Charles C. Wilson,,"58,883"
Into the Wild,148 min, Adventure; Biography; Drama,Sean Penn,Sean Penn;Jon Krakauer;Paramount Vantage;Art Linson Productions;Into the Wild,Emile Hirsch;Marcia Gay Harden;William Hurt;Jena Malone;Brian H. Dierker;Catherine Keener;Vince Vaughn;Kristen Stewart;Hal Holbrook;Jim Gallien;James O'Neill;Malinda McCollum;Paul Knauls;Zach Galifianakis;Craig Mutsch,,"387,926"
The Sixth Sense,107 min, Drama; Mystery; Thriller,M. Night Shyamalan,"M. Night Shyamalan;Hollywood Pictures;Spyglass Entertainment;Kennedy/Marshall Company, The",Bruce Willis;Haley Joel Osment;Toni Collette;Olivia Williams;Trevor Morgan;Donnie Wahlberg;Peter Anthony Tambakis;Jeffrey Zubernis;Bruce Norris;Glenn Fitzgerald;Greg Wood;Mischa Barton;Angelica Page;Lisa Summerour;Firdous Bamji,,"651,866"
Gone Girl,149 min, Drama; Mystery; Thriller,David Fincher,Gillian Flynn;Gillian Flynn;Twentieth Century Fox Film Corporation;Regency Enterprises;TSG Entertainment,Ben Affleck;Rosamund Pike;Neil Patrick Harris;Tyler Perry;Carrie Coon;Kim Dickens;Patrick Fugit;David Clennon;Lisa Banes;Missi Pyle;Emily Ratajkowski;Casey Wilson;Lola Kirke;Boyd Holbrook;Sela Ward,,"483,904"
Incendies,139 min, Drama; Mystery; War,Denis Villeneuve,Denis Villeneuve;Wajdi Mouawad;micro_scope;TS Productions;Phi Group,Mustafa Kamel;Hussein Sami;Rémy Girard;Mélissa Désormeaux-Poulin;Maxim Gaudette;Dominique Briand;Lubna Azabal;Frédéric Paquet;Hamed Najem;Ahmad Massad;Bader Alami;Majida Hussein;Asriah Nijres;John Dunn-Hill;Nadia Essadiqi,,"69,345"
Finding Nemo,100 min, Animation; Adventure; Comedy; Family,Andrew Stanton;Lee Unkrich,Andrew Stanton;Andrew Stanton;Walt Disney Pictures;Pixar Animation Studios;Disney Enterprises,Albert Brooks;Ellen DeGeneres;Alexander Gould;Willem Dafoe;Brad Garrett;Allison Janney;Austin Pendleton;Stephen Root;Vicki Lewis;Joe Ranft;Geoffrey Rush;Andrew Stanton;Elizabeth Perkins;Nicholas Bird;Bob Peterson,,"617,437"
Rush,123 min, Action; Biography; Drama; Sport,Ron Howard,Peter Morgan;Exclusive Media Group;Cross Creek Pictures;Imagine Entertainment,Chris Hemsworth;Daniel Brühl;Olivia Wilde;Alexandra Maria Lara;Pierfrancesco Favino;David Calder;Natalie Dormer;Stephen Mangan;Christian McKay;Alistair Petrie;Julian Rhind-Tutt;Colin Stinton;Jamie de Courcey;Augusto Dallara;Ilario Calvo,,"274,368"
Mary and Max,92 min, Animation; Comedy; Drama,Adam Elliot,Adam Elliot;Melodrama Pictures,Toni Collette;Philip Seymour Hoffman;Barry Humphries;Eric Bana;Bethany Whitmore;Renée Geyer;Ian 'Molly' Meldrum;Julie Forsyth;John Flaus;Christopher Massey;Shaun Patten;Carolyn Shakespeare-Allen;Leanne Smith,,"107,332"
The Thing,109 min, Horror; Sci-Fi,John Carpenter,Bill Lancaster;John W. Campbell Jr.;Universal Pictures;Turman-Foster Company,Kurt Russell;Wilford Brimley;T.K. Carter;David Clennon;Keith David;Richard Dysart;Charles Hallahan;Peter Maloney;Richard Masur;Donald Moffat;Joel Polis;Thomas G. Waites;Norbert Weisser;Larry J. Franco;Nate Irwin,,"235,928"
No Country for Old Men,122 min, Crime; Drama; Thriller,Ethan Coen;Joel Coen,Joel Coen;Ethan Coen;Paramount Vantage;Miramax;Scott Rudin Productions,Tommy Lee Jones;Javier Bardem;Josh Brolin;Woody Harrelson;Kelly Macdonald;Garret Dillahunt;Tess Harper;Barry Corbin;Stephen Root;Rodger Boyce;Beth Grant;Ana Reeder;Kit Gwin;Zach Hopkins;Chip Love,,"559,347"
The Maltese Falcon,100 min, Crime; Drama; Film-Noir; Mystery,John Huston,John Huston;Dashiell Hammett;Warner Bros.,Humphrey Bogart;Mary Astor;Gladys George;Peter Lorre;Barton MacLane;Lee Patrick;Sydney Greenstreet;Ward Bond;Jerome Cowan;Elisha Cook Jr.;James Burke;Murray Alper;John Hamilton,,"104,580"
Kill Bill: Vol. 1,111 min, Action,Quentin Tarantino,Quentin Tarantino;Quentin Tarantino;Miramax;A Band Apart;Super Cool ManChu,Uma Thurman;Lucy Liu;Vivica A. Fox;Daryl Hannah;David Carradine;Michael Madsen;Julie Dreyfus;Chiaki Kuriyama;Shin'ichi Chiba;Chia-Hui Liu;Michael Parks;Michael Bowen;Jun Kunimura;Kenji Ohba;Yuki Kazamatsuri,,"670,854"
Hotel Rwanda,121 min, Drama; History; War,Terry George,Keir Pearson;Terry George;United Artists;Lions Gate Films;Industrial Development Corporation of South Africa,Xolani Mali;Don Cheadle;Desmond Dube;Hakeem Kae-Kazim;Tony Kgoroge;Rosie Motene;Neil McCarthy;Mabutho 'Kid' Sithole;Nick Nolte;Fana Mokoena;Jeremiah Ndlovu;Sophie Okonedo;Lebo Mashile;Antonio David Lyons;Leleti Khumalo,,"244,678"
Le salaire de la peur,148 min, Adventure; Drama; Thriller,Henri-Georges Clouzot,Georges Arnaud;Henri-Georges Clouzot;Compagnie Industrielle et Commerciale Cinématographique (CICC);Filmsonor;Vera Films,Yves Montand;Charles Vanel;Folco Lulli;Peter van Eyck;Véra Clouzot;William Tubbs;Darío Moreno;Jo Dest;Antonio Centa;Luis De Lima;Grégoire Gromoff;Joseph Palau-Fabre;Faustini;Seguna;Darling Légitimus,,"32,211"
Life of Brian,94 min, Comedy,Terry Jones,Graham Chapman;John Cleese;HandMade Films;Python (Monty) Pictures,Graham Chapman;John Cleese;Terry Gilliam;Eric Idle;Terry Jones;Michael Palin;Terence Bayler;Carol Cleveland;Kenneth Colley;Neil Innes;Charles McKeown;John Young;Gwen Taylor;Sue Jones-Davies;Peter Brett,,"250,568"
Platoon,120 min, Drama; War,Oliver Stone,Oliver Stone;Hemdale Film;Cinema 86,Tom Berenger;Keith David;Willem Dafoe;Forest Whitaker;Francesco Quinn;Kevin Dillon;John C. McGinley;Reggie Johnson;Mark Moses;Corey Glover;Johnny Depp;Chris Pedersen;Bob Orwig;Corkey Ford;David Neidorf,,"270,355"
Butch Cassidy and the Sundance Kid,110 min, Biography; Crime; Western,George Roy Hill,William Goldman;Twentieth Century Fox Film Corporation;Campanile Productions;Newman-Foreman Company,Paul Newman;Robert Redford;Katharine Ross;Strother Martin;Henry Jones;Jeff Corey;George Furth;Cloris Leachman;Ted Cassidy;Kenneth Mars;Donnelly Rhodes;Jody Gilbert;Timothy Scott;Don Keefer;Charles Dierkop,,"139,167"
There Will Be Blood,158 min, Drama,Paul Thomas Anderson,Paul Thomas Anderson;Upton Sinclair;Paramount Vantage;Miramax;Ghoulardi Film Company,Daniel Day-Lewis;Martin Stringer;Matthew Braden Stringer;Jacob Stringer;Joseph Mussey;Barry Del Sherman;Harrison Taylor;Stockton Taylor;Paul F. Tompkins;Dillon Freasier;Kevin Breznahan;Jim Meskimen;Erica Sullivan;Randall Carver;Coco Leigh,,"342,384"
Network,121 min, Drama,Sidney Lumet,Paddy Chayefsky;Metro-Goldwyn-Mayer (MGM);United Artists,Faye Dunaway;William Holden;Peter Finch;Robert Duvall;Wesley Addy;Ned Beatty;Arthur Burghardt;Bill Burrows;John Carpenter;Jordan Charney;Kathy Cronkite;Ed Crowley;Jerome Dempsey;Conchata Ferrell;Gene Gross,,"94,661"
Les quatre cents coups,99 min, Crime; Drama,François Truffaut,François Truffaut;Marcel Moussy;Les Films du Carrosse;Sédif Productions,Jean-Pierre Léaud;Claire Maurier;Albert Rémy;Guy Decomble;Georges Flamant;Patrick Auffay;Daniel Couturier;François Nocher;Richard Kanayan;Renaud Fontanarosa;Michel Girard;Serge Moati;Bernard Abbou;Jean-François Bergouignan;Michel Lesignor,,"63,982"
Touch of Evil,111 min, Crime; Film-Noir; Thriller,Orson Welles,Orson Welles;Whit Masterson;Universal International Pictures (UI),Charlton Heston;Janet Leigh;Orson Welles;Joseph Calleia;Akim Tamiroff;Joanna Moore;Ray Collins;Dennis Weaver;Valentin de Vargas;Mort Mills;Victor Millan;Lalo Rios;Michael Sargent;Phil Harvey;Joi Lansing,,"67,310"
Stand by Me,89 min, Adventure; Drama,Rob Reiner,Stephen King;Raynold Gideon;Columbia Pictures Corporation;Act III;Act III Communications,Wil Wheaton;River Phoenix;Corey Feldman;Jerry O'Connell;Kiefer Sutherland;Casey Siemaszko;Gary Riley;Bradley Gregg;Jason Oliver;Marshall Bell;Frances Lee McCain;Bruce Kirby;William Bronder;Scott Beach;Richard Dreyfuss,,"250,321"
Persona,85 min, Drama,Ingmar Bergman,Ingmar Bergman;Svensk Filmindustri (SF),Bibi Andersson;Liv Ullmann;Margaretha Krook;Gunnar Björnstrand,,"54,892"
12 Years a Slave,134 min, Biography; Drama; History,Steve McQueen,John Ridley;Solomon Northup;Regency Enterprises;River Road Entertainment;Plan B Entertainment,Chiwetel Ejiofor;Dwight Henry;Dickie Gravois;Bryan Batt;Ashley Dyke;Kelsey Scott;Quvenzhané Wallis;Cameron Zeigler;Tony Bentley;Scoot McNairy;Taran Killam;Christopher Berry;Bill Camp;Mister Mackey Jr.;Chris Chalk,,"380,908"
The Princess Bride,98 min, Adventure; Comedy; Family; Fantasy; Romance,Rob Reiner,William Goldman;William Goldman;Act III Communications;Buttercup Films Ltd.;The Princess Bride Ltd.,Cary Elwes;Mandy Patinkin;Chris Sarandon;Christopher Guest;Wallace Shawn;André the Giant;Fred Savage;Robin Wright;Peter Falk;Peter Cook;Mel Smith;Carol Kane;Billy Crystal;Anne Dyson;Margery Mason,,"272,008"
In the Name of the Father,133 min, Biography; Drama; History,Jim Sheridan,Gerry Conlon;Terry George;Hell's Kitchen Films;Universal Pictures,Alison Crosbie;Daniel Day-Lewis;Philip King;Emma Thompson;Nye Heron;Anthony Brophy;Frankie McCafferty;Paul Warriner;Julian Walsh;Stuart Wolfenden;Jo Connor;Karen Carlisle;Seamus Moran;Billy Byrne;Maureen McBride,,"98,952"
Amores perros,115 min, Drama; Thriller,Alejandro González Iñárritu,Guillermo Arriaga;Altavista Films;Zeta Film,Emilio Echevarría;Gael García Bernal;Goya Toledo;Álvaro Guerrero;Vanessa Bauche;Jorge Salinas;Marco Pérez;Rodrigo Murray;Humberto Busto;Gerardo Campbell;Rosa María Bianchi;Dunia Saldívar;Adriana Barraza;José Sefami;Lourdes Echevarría,,"160,518"
The Grand Budapest Hotel,99 min, Adventure; Comedy; Drama,Wes Anderson,Stefan Zweig;Wes Anderson;Fox Searchlight Pictures;Indian Paintbrush;Studio Babelsberg,Ralph Fiennes;F. Murray Abraham;Mathieu Amalric;Adrien Brody;Willem Dafoe;Jeff Goldblum;Harvey Keitel;Jude Law;Bill Murray;Edward Norton;Saoirse Ronan;Jason Schwartzman;Léa Seydoux;Tilda Swinton;Tom Wilkinson,,"400,444"
Annie Hall,93 min, Comedy; Romance,Woody Allen,Woody Allen;Marshall Brickman;Rollins-Joffe Productions,Woody Allen;Diane Keaton;Tony Roberts;Carol Kane;Paul Simon;Shelley Duvall;Janet Margolin;Colleen Dewhurst;Christopher Walken;Donald Symington;Helen Ludlam;Mordecai Lawner;Joan Neuman;Jonathan Munk;Ruth Volner,,"175,812"
Million Dollar Baby,132 min, Drama; Sport,Clint Eastwood,Paul Haggis;F.X. Toole;Warner Bros.;Lakeshore Entertainment;Malpaso Productions,Clint Eastwood;Hilary Swank;Morgan Freeman;Jay Baruchel;Mike Colter;Lucia Rijker;Brían F. O'Byrne;Anthony Mackie;Margo Martindale;Riki Lindhome;Michael Peña;Benito Martinez;Bruce MacVittie;David Powledge;Joe D'Angerio,,"440,828"
Ben Hur,222 min, Adventure; Drama; History; War,William Wyler,Lew Wallace;Karl Tunberg;Metro-Goldwyn-Mayer (MGM),Charlton Heston;Jack Hawkins;Haya Harareet;Stephen Boyd;Hugh Griffith;Martha Scott;Cathy O'Donnell;Sam Jaffe;Finlay Currie;Frank Thring;Terence Longdon;George Relph;André Morell,,"146,386"
The Grapes of Wrath,108 min, Drama,John Ford,Nunnally Johnson;John Steinbeck;Twentieth Century Fox Film Corporation,Henry Fonda;Jane Darwell;John Carradine;Charley Grapewin;Dorris Bowdon;Russell Simpson;O.Z. Whitehead;John Qualen;Eddie Quillan;Zeffie Tilbury;Frank Sully;Frank Darien;Darryl Hickman;Shirley Mills;Roger Imhof,,"57,656"
Shutter Island,138 min, Mystery; Thriller,Martin Scorsese,Laeta Kalogridis;Dennis Lehane;Paramount Pictures;Phoenix Pictures;Sikelia Productions,Leonardo DiCaprio;Mark Ruffalo;Ben Kingsley;Max von Sydow;Michelle Williams;Emily Mortimer;Patricia Clarkson;Jackie Earle Haley;Ted Levine;John Carroll Lynch;Elias Koteas;Robin Bartlett;Christopher Denham;Nellie Sciutto;Joseph Sikora,,"701,056"
Kaze no tani no Naushika,95 min, Animation; Adventure; Fantasy; Sci-Fi,Hayao Miyazaki,Hayao Miyazaki;Hayao Miyazaki;Nibariki;Tokuma Shoten;Hakuhodo,Sumi Shimamoto;Mahito Tsujimura;Hisako Kyôda;Gorô Naya;Ichirô Nagai;Kôhei Miyauchi;Jôji Yanami;Minoru Yada;Rihoko Yoshida;Masako Sugaya;Takako Sasuga;Chika Sakamoto;Tarako;Yôji Matsuda;Mîna Tominaga,,"85,708"
Hachi: A Dog's Tale,93 min, Drama; Family,Lasse Hallström,Stephen P. Lindsey;Kaneto Shindô;Stage 6 Films;Inferno Distribution;Hachiko,Richard Gere;Joan Allen;Cary-Hiroyuki Tagawa;Sarah Roemer;Jason Alexander;Erick Avari;Davenia McFadden;Robbie Sublett;Kevin DeCoste;Rob Degnan;Tora Hallstrom;Donna Sorbello;Frank S. Aronson;Troy Doherty;Ian Sherman,,"130,853"
Demonen,116 min, Drama; Horror; Thriller,Henri-Georges Clouzot,Pierre Boileau;Thomas Narcejac;Filmsonor;Vera Films,Simone Signoret;Véra Clouzot;Paul Meurisse;Charles Vanel;Jean Brochard;Thérèse Dorny;Michel Serrault;Georges Chamarat;Robert Dalban;Camille Guérini;Jacques Hilling;Jean Lefebvre;Aminda Montserrat;Jean Témerson;Jacques Varennes,,"38,388"
Relatos salvajes,122 min, Comedy; Drama; Thriller,Damián Szifrón,Damián Szifrón;Corner Producciones;El Deseo;Instituto Nacional de Cine y Artes Audiovisuales (INCAA),Darío Grandinetti;María Marull;Mónica Villa;Rita Cortese;Julieta Zylberberg;César Bordón;Leonardo Sbaraglia;Walter Donado;Ricardo Darín;Nancy Dupláa;Oscar Martínez;María Onetto;Osmar Núñez;Germán de Silva;Erica Rivas,,"59,688"
Stalker,155 min, Drama; Sci-Fi,Andrei Tarkovsky,Arkadiy Strugatskiy;Boris Strugatskiy;Kinostudiya ''Mosfilm'',Alisa Freyndlikh;Aleksandr Kaydanovskiy;Anatoliy Solonitsyn;Nikolay Grinko;Natalya Abramova;Faime Jurno;E. Kostin;Raymo Rendi,,"61,707"
Sin City,147 min, Crime; Thriller,Frank Miller;Robert Rodriguez,Frank Miller;Dimension Films;Troublemaker Studios,Jessica Alba;Devon Aoki;Alexis Bledel;Powers Boothe;Cara D. Briggs;Jude Ciccolella;Jeffrey J. Dashnaw;Rosario Dawson;Jesse De Luna;Benicio Del Toro;Jason Douglas;Michael Clarke Duncan;Tommy Flanagan;Christina Frankenfield;Rick Gomez,,"614,637"
Gandhi,240 min, Biography; Drama; History,Richard Attenborough,John Briley;International Film Investors;National Film Development Corporation of India (NFDC);Goldcrest Films International,Ben Kingsley;Candice Bergen;Edward Fox;John Gielgud;Trevor Howard;John Mills;Martin Sheen;Ian Charleson;Athol Fugard;Günther Maria Halmer;Saeed Jaffrey;Geraldine James;Alyque Padamsee;Amrish Puri;Roshan Seth,,"157,237"
De beste jaren van ons leven,172 min, Drama; Romance; War,William Wyler,"Robert E. Sherwood;MacKinlay Kantor;Samuel Goldwyn Company, The",Myrna Loy;Fredric March;Dana Andrews;Teresa Wright;Virginia Mayo;Cathy O'Donnell;Hoagy Carmichael;Harold Russell;Gladys George;Roman Bohnen;Ray Collins;Minna Gombell;Walter Baldwin;Steve Cochran;Dorothy Adams,,"37,123"
The Wizard of Oz,102 min, Adventure; Family; Fantasy; Musical,Victor Fleming;George Cukor,Noel Langley;Florence Ryerson;Metro-Goldwyn-Mayer (MGM),Judy Garland;Frank Morgan;Ray Bolger;Bert Lahr;Jack Haley;Billie Burke;Margaret Hamilton;Charley Grapewin;Pat Walshe;Clara Blandick;Terry;The Singer Midgets,,"267,862"
The Bourne Ultimatum,115 min, Action; Thriller,Paul Greengrass,"Tony Gilroy;Scott Z. Burns;Universal Pictures;Motion Picture BETA Produktionsgesellschaft;Kennedy/Marshall Company, The",Matt Damon;Julia Stiles;David Strathairn;Scott Glenn;Paddy Considine;Édgar Ramírez;Albert Finney;Joan Allen;Tom Gallop;Corey Johnson;Daniel Brühl;Joey Ansah;Colin Stinton;Dan Fredenburgh;Lucy Liemann,,"448,259"
Jurassic Park,127 min, Adventure; Sci-Fi; Thriller,Steven Spielberg,Michael Crichton;Michael Crichton;Universal Pictures;Amblin Entertainment,Sam Neill;Laura Dern;Jeff Goldblum;Richard Attenborough;Bob Peck;Martin Ferrero;Joseph Mazzello;Ariana Richards;Samuel L. Jackson;BD Wong;Wayne Knight;Gerald R. Molen;Miguel Sandoval;Cameron Thor;Christopher John Fields,,"545,315"
Donnie Darko,133 min, Drama; Sci-Fi,Richard Kelly,Richard Kelly;Pandora Cinema;Flower Films (II);Adam Fields Productions,Jake Gyllenhaal;Holmes Osborne;Maggie Gyllenhaal;Daveigh Chase;Mary McDonnell;James Duval;Arthur Taxier;Patrick Swayze;Mark Hoffman;David St. James;Tom Tangen;Jazzie Mahannah;Jolene Purdy;Stuart Stone;Gary Lundy,,"538,138"
8½,138 min, Drama,Federico Fellini,Federico Fellini;Ennio Flaiano;Cineriz;Francinex,Marcello Mastroianni;Claudia Cardinale;Anouk Aimée;Sandra Milo;Rossella Falk;Barbara Steele;Madeleine Lebeau;Caterina Boratto;Eddra Gale;Guido Alberti;Mario Conocchia;Bruno Agostini;Cesarino Miceli Picardi;Jean Rougeul;Mario Pisu,,"72,310"
Strangers on a Train,103 min, Crime; Film-Noir; Thriller,Alfred Hitchcock,Raymond Chandler;Czenzi Ormonde;Warner Bros.,Farley Granger;Ruth Roman;Robert Walker;Leo G. Carroll;Patricia Hitchcock;Kasey Rogers;Marion Lorne;Jonathan Hale;Howard St. John;John Brown;Norma Varden;Robert Gist,,"87,977"
Before Sunrise,105 min, Drama; Romance,Richard Linklater,Richard Linklater;Kim Krizan;Castle Rock Entertainment;Detour Filmproduction;Filmhaus Wien Universa Filmproduktions,Ethan Hawke;Julie Delpy;Andrea Eckert;Hanno Pöschl;Karl Bruckschwaiger;Tex Rubinowitz;Erni Mangold;Dominik Castell;Haymon Maria Buttinger;Harald Waiglein;Bilge Jeschim;Kurti;Hans Weingartner;Liese Lyon;Peter Ily Huemer,,"165,320"
Twelve Monkeys,129 min, Mystery; Sci-Fi; Thriller,Terry Gilliam,Chris Marker;David Webb Peoples;Universal Pictures;Atlas Entertainment;Classico,Joseph Melito;Bruce Willis;Jon Seda;Michael Chance;Vernon Campbell;H. Michael Walls;Bob Adrian;Simon Jones;Carol Florence;Bill Raymond;Ernest Abuba;Irma St. Paule;Madeleine Stowe;Joey Perillo;Bruce Kirkpatrick,,"428,517"
The Terminator,107 min, Action; Sci-Fi,James Cameron,James Cameron;Gale Anne Hurd;Hemdale Film;Pacific Western;Euro Film Funding,Arnold Schwarzenegger;Michael Biehn;Linda Hamilton;Paul Winfield;Lance Henriksen;Rick Rossovich;Bess Motta;Earl Boen;Dick Miller;Shawn Schepps;Bruce M. Kerner;Franco Columbu;Bill Paxton;Brad Rearden;Brian Thompson,,"547,818"
The Avengers,173 min, Action; Adventure; Sci-Fi; Thriller,Joss Whedon,Joss Whedon;Zak Penn;Marvel Studios;Paramount Pictures,Robert Downey Jr.;Chris Evans;Mark Ruffalo;Chris Hemsworth;Scarlett Johansson;Jeremy Renner;Tom Hiddleston;Clark Gregg;Cobie Smulders;Stellan Skarsgård;Samuel L. Jackson;Gwyneth Paltrow;Paul Bettany;Alexis Denisof;Tina Benko,,"896,175"
Mou gaan dou,97 min, Crime; Mystery; Thriller,Wai-Keung Lau;Alan Mak,Alan Mak;Felix Chong;Media Asia Films;Basic Pictures,Andy Lau;Tony Chiu Wai Leung;Anthony Chau-Sang Wong;Eric Tsang;Kelly Chen;Sammi Cheng;Edison Chen;Shawn Yue;Elva Hsiao;Chapman To;Ka Tung Lam;Ting Yip Ng;Dion Lam;Chi Keung Wan;Hui Kam Fung,,"85,019"
Groundhog Day,101 min, Comedy; Fantasy; Romance,Harold Ramis,Danny Rubin;Harold Ramis;Columbia Pictures Corporation,Bill Murray;Andie MacDowell;Chris Elliott;Stephen Tobolowsky;Brian Doyle-Murray;Marita Geraghty;Angela Paton;Rick Ducommun;Rick Overton;Robin Duke;Carol Bivins;Willie Garson;Ken Hudson Campbell;Les Podewell;Rod Sell,,"398,127"
Jaws,130 min, Adventure; Drama; Thriller,Steven Spielberg,Peter Benchley;Carl Gottlieb;Zanuck/Brown Productions;Universal Pictures,Roy Scheider;Robert Shaw;Richard Dreyfuss;Lorraine Gary;Murray Hamilton;Carl Gottlieb;Jeffrey Kramer;Susan Backlinie;Jonathan Filley;Ted Grossman;Chris Rebello;Jay Mello;Lee Fierro;Jeffrey Voorhees;Craig Kingsbury,,"377,458"
"Monsters, Inc.",92 min, Animation; Adventure; Comedy; Family; Fantasy,Pete Docter;David Silverman,Pete Docter;Jill Culton;Walt Disney Pictures;Pixar Animation Studios,John Goodman;Billy Crystal;Mary Gibbs;Steve Buscemi;James Coburn;Jennifer Tilly;Bob Peterson;John Ratzenberger;Frank Oz;Daniel Gerson;Steve Susskind;Bonnie Hunt;Jeff Pidgeon;Samuel Lord Black;Jack Angel,,"524,237"
De slag om Algiers,121 min, Drama; History; War,Gillo Pontecorvo,Gillo Pontecorvo;Franco Solinas;Igor Film;Casbah Film,Brahim Hadjadj;Jean Martin;Yacef Saadi;Samia Kerbash;Ugo Paletti;Fusia El Kader;Omar;Mohamed Ben Kassen,,"33,628"
Salinui chueok,127 min, Crime; Drama; Mystery; Thriller,Joon-ho Bong,Joon-ho Bong;Kwang-rim Kim;CJ Entertainment;Muhan Investment;Sidus Pictures,Kang-ho Song;Sang-kyung Kim;Roe-ha Kim;Jae-ho Song;Hie-bong Byeon;Seo-hie Ko;No-shik Park;Hae-il Park;Jong-ryol Choi;Mi-seon Jeon;In-seon Jeong;Ha-kyeong Kim;Jae-eung Lee;Young-hwa Seo;Ji-ru Sung,,"57,717"
The Truman Show,103 min, Drama,Peter Weir,Andrew Niccol;Paramount Pictures;Scott Rudin Productions,Jim Carrey;Laura Linney;Noah Emmerich;Natascha McElhone;Holland Taylor;Brian Delate;Blair Slater;Peter Krause;Heidi Schanz;Ron Taylor;Don Taylor;Ted Raymond;Judy Clayton;Fritz Dominique;Angel Schmiedt,,"605,860"
Harry Potter and the Deathly Hallows: Part 2,130 min, Adventure; Drama; Fantasy; Mystery,David Yates,Steve Kloves;J.K. Rowling;Warner Bros.;Heyday Films;Moving Picture Company (MPC),Ralph Fiennes;Michael Gambon;Alan Rickman;Daniel Radcliffe;Rupert Grint;Emma Watson;Evanna Lynch;Domhnall Gleeson;Clémence Poésy;Warwick Davis;John Hurt;Helena Bonham Carter;Graham Duff;Anthony Allgood;Rusty Goffe,,"486,610"
Barry Lyndon,184 min, Adventure; Drama; History; War,Stanley Kubrick,Stanley Kubrick;William Makepeace Thackeray;Peregrine;Hawk Films;Warner Bros.,Ryan O'Neal;Marisa Berenson;Patrick Magee;Hardy Krüger;Steven Berkoff;Gay Hamilton;Marie Kean;Diana Körner;Murray Melvin;Frank Middlemass;André Morell;Arthur O'Sullivan;Godfrey Quigley;Leonard Rossiter;Philip Stone,,"92,895"
Fanny och Alexander,312 min, Drama,Ingmar Bergman,Ingmar Bergman;Cinematograph AB;Svenska Filminstitutet (SFI);Gaumont,Kristina Adolphson;Börje Ahlstedt;Pernilla Allwin;Kristian Almgren;Carl Billquist;Axel Düberg;Allan Edwall;Siv Ericks;Ewa Fröling;Patricia Gélin;Majlis Granlund;Maria Granlund;Bertil Guve;Eva von Hanno;Sonya Hedenbratt,,"39,397"
Kumonosu-jô,110 min, Drama,Akira Kurosawa,Hideo Oguni;Shinobu Hashimoto;Toho Company;Kurosawa Production Co.,Toshirô Mifune;Isuzu Yamada;Takashi Shimura;Akira Kubo;Hiroshi Tachikawa;Minoru Chiaki;Takamaru Sasaki;Gen Shimizu;Kokuten Kôdô;Kichijirô Ueda;Eiko Miyoshi;Chieko Naniwa;Nakajirô Tomita;Yû Fujiki;Sachio Sakai,,"27,611"
Dog Day Afternoon,131 min, Crime; Drama,Sidney Lumet,Frank Pierson;P.F. Kluge;Warner Bros.;Artists Entertainment Complex,Penelope Allen;Sully Boyar;John Cazale;Beulah Garrick;Carol Kane;Sandra Kazan;Marcia Jean Kurtz;Amy Levitt;John Marriott;Estelle Omens;Al Pacino;Gary Springer;James Broderick;Charles Durning;Carmine Foresta,,"169,515"
Rocky,145 min, Drama; Sport,John G. Avildsen,Sylvester Stallone;Chartoff-Winkler Productions;United Artists,Sylvester Stallone;Talia Shire;Burt Young;Carl Weathers;Burgess Meredith;Thayer David;Joe Spinell;Jimmy Gambina;Bill Baldwin;Al Silvani;George Memmoli;Jodi Letizia;Diana Lewis;George O'Hanlon;Larry Carroll,,"331,520"
Guardians of the Galaxy,121 min, Action; Adventure; Sci-Fi,James Gunn,James Gunn;Nicole Perlman;Marvel Studios;Marvel Enterprises;Moving Picture Company (MPC),Chris Pratt;Zoe Saldana;Dave Bautista;Vin Diesel;Bradley Cooper;Lee Pace;Michael Rooker;Karen Gillan;Djimon Hounsou;John C. Reilly;Glenn Close;Benicio Del Toro;Laura Haddock;Sean Gunn;Peter Serafinowicz,,"569,299"
La haine,98 min, Crime; Drama,Mathieu Kassovitz,Mathieu Kassovitz;Canal+;Cofinergie 6;Egg Pictures,Vincent Cassel;Hubert Koundé;Saïd Taghmaoui;Abdel Ahmed Ghili;Solo;Joseph Momo;Héloïse Rauth;Rywka Wajsbrot;Olga Abrego;Laurent Labasse;Choukri Gabteni;Nabil Ben Mhamed;Benoît Magimel;Médard Niang;Arash Mansour,,"94,093"
Klokslag 12,85 min, Drama; Western,Fred Zinnemann,Carl Foreman;John W. Cunningham;Stanley Kramer Productions,Gary Cooper;Thomas Mitchell;Lloyd Bridges;Katy Jurado;Grace Kelly;Otto Kruger;Lon Chaney Jr.;Harry Morgan;Ian MacDonald;Eve McVeagh;Morgan Farley;Harry Shannon;Lee Van Cleef;Robert J. Wilke;Sheb Wooley,,"74,171"
Yip Man,106 min, Action; Biography; Drama; Sport,Wilson Yip,Edmond Wong;Chan Tai-Li;Beijing ShengShi HuaRei Film Investment &amp; Management Co.;China Film Co-Production Corporation;Mandarin Films Distribution,Donnie Yen;Simon Yam;Ka Tung Lam;Siu-Wong Fan;Lynn Hung;Hiroyuki Ikeuchi;Tenma Shibuya;Xing Yu;Zhi-Hui Chen;You-Nam Wong;Zhang Bo;Rong-Jun Cai;Li Chak;Siu-Kwan Chan;Calvin Ka-Sing Cheng,,"145,022"
The King's Speech,118 min, Biography; Drama,Tom Hooper,"David Seidler;Weinstein Company, The;UK Film Council;Momentum Pictures",Colin Firth;Helena Bonham Carter;Derek Jacobi;Robert Portal;Richard Dixon;Paul Trussell;Adrian Scarborough;Andrew Havill;Charles Armstrong;Roger Hammond;Geoffrey Rush;Calum Gittins;Jennifer Ehle;Dominic Applewhite;Ben Wimsett,,"453,929"
The Imitation Game,114 min, Biography; Drama; Thriller; War,Morten Tyldum,Graham Moore;Andrew Hodges;Black Bear Pictures;Bristol Automotive,Benedict Cumberbatch;Keira Knightley;Matthew Goode;Rory Kinnear;Allen Leech;Matthew Beard;Charles Dance;Mark Strong;James Northcote;Tom Goodman-Hill;Steven Waddington;Ilan Goodman;Jack Tarlton;Alex Lawther;Jack Bannon,,"366,245"
Per un pugno di dollari,99 min, Action; Drama; Western,Sergio Leone,Adriano Bolzoni;Víctor Andrés Catena;Jolly Film;Constantin Film Produktion;Ocean Films,Clint Eastwood;Marianne Koch;Gian Maria Volonté;Wolfgang Lukschy;Sieghardt Rupp;Joseph Egger;Antonio Prieto;José Calvo;Margarita Lozano;Daniel Martín;Benito Stefanelli;Mario Brega;Bruno Carotenuto;Aldo Sambrell,,"130,575"
Pirates of the Caribbean: The Curse of the Black Pearl,143 min, Action; Adventure; Fantasy,Gore Verbinski,Ted Elliott;Terry Rossio;Walt Disney Pictures;Jerry Bruckheimer Films,Johnny Depp;Geoffrey Rush;Orlando Bloom;Keira Knightley;Jack Davenport;Jonathan Pryce;Lee Arenberg;Mackenzie Crook;Damian O'Hare;Giles New;Angus Barnett;David Bailie;Michael Berry Jr.;Isaac C. Singleton Jr.;Kevin McNally,,"743,660"
Prisoners,153 min, Crime; Drama; Mystery; Thriller,Denis Villeneuve,Aaron Guzikowski;Alcon Entertainment;8:38 Productions;Madhouse Entertainment,Hugh Jackman;Jake Gyllenhaal;Viola Davis;Maria Bello;Terrence Howard;Melissa Leo;Paul Dano;Dylan Minnette;Zoë Soul;Erin Gerasimovich;Kyla-Drew;Wayne Duvall;Len Cariou;David Dastmalchian;Brad James,,"332,714"
Notorious,101 min, Drama; Film-Noir; Romance; Thriller,Alfred Hitchcock,Ben Hecht;Vanguard Films;RKO Radio Pictures,Cary Grant;Ingrid Bergman;Claude Rains;Louis Calhern;Leopoldine Konstantin;Reinhold Schünzel;Moroni Olsen;Ivan Triesault;Alexis Minotis;Wally Brown;Charles Mendl;Ricardo Costa;E.A. Krumschmidt;Fay Baker,,"68,744"
Tenkû no shiro Rapyuta,124 min, Animation; Adventure; Family; Fantasy,Hayao Miyazaki,Hayao Miyazaki;Nibariki;Studio Ghibli;Tokuma Shoten,Anna Paquin;James Van Der Beek;Cloris Leachman;Mark Hamill;Richard Dysart;Jim Cummings;John Hostetter;Michael McShane;Mandy Patinkin;Andy Dick;Corey Burton;John DeMita;Debi Derryberry;Eddie Frierson;Susan Hickman,,"88,041"
The Help,, Drama,Tate Taylor,Tate Taylor;Kathryn Stockett;DreamWorks SKG;Reliance Entertainment;Participant Media,Emma Stone;Viola Davis;Bryce Dallas Howard;Octavia Spencer;Jessica Chastain;Ahna O'Reilly;Allison Janney;Anna Camp;Eleanor Henry;Emma Henry;Chris Lowell;Cicely Tyson;Mike Vogel;Sissy Spacek;Brian Kerwin,,"292,525"
Roman Holiday,117 min, Comedy; Romance,William Wyler,Ian McLellan Hunter;John Dighton;Paramount Pictures,Gregory Peck;Audrey Hepburn;Eddie Albert;Hartley Power;Harcourt Williams;Margaret Rawlings;Tullio Carminati;Paolo Carlini;Claudio Ermelli;Paola Borboni;Alfredo Rizzo;Laura Solari;Gorella Gori,,"90,902"
Wie is bang voor Virginia Woolf?,131 min, Drama,Mike Nichols,Ernest Lehman;Warner Bros.;Chenault Productions,Elizabeth Taylor;Richard Burton;George Segal;Sandy Dennis,,"51,914"
Papillon,151 min, Biography; Crime; Drama,Franklin J. Schaffner,Dalton Trumbo;Lorenzo Semple Jr.;Allied Artists Pictures;Corona-General;Solar Productions,Steve McQueen;Dustin Hoffman;Victor Jory;Don Gordon;Anthony Zerbe;Robert Deman;Woodrow Parfrey;Bill Mumy;George Coulouris;Ratna Assan;William Smithers;Val Avery;Gregory Sierra;Vic Tayback;Mills Watson,,"91,445"
Bom yeoreum gaeul gyeoul geurigo bom,103 min, Drama,Ki-duk Kim,Ki-duk Kim;Korea Pictures;LJ Film;Pandora Filmproduktion,Yeong-su Oh;Ki-duk Kim;Young-min Kim;Jae-kyeong Seo;Yeo-jin Ha;Jong-ho Kim;Jung-young Kim;Dae-han Ji;Min Choi;Ji-a Park;Min-Young Song,,"57,679"
Belle en het Beest,91 min, Animation; Family; Fantasy; Musical; Romance,Gary Trousdale;Kirk Wise,Linda Woolverton;Roger Allers;Walt Disney Pictures;Silver Screen Partners IV;Walt Disney Feature Animation,Robby Benson;Jesse Corti;Rex Everhart;Angela Lansbury;Paige O'Hara;Jerry Orbach;Bradley Pierce;David Ogden Stiers;Richard White;Jo Anne Worley;Mary Kay Bergman;Brian Cummings;Alvin Epstein;Tony Jay;Alec Murphy,,"279,081"
The Night of the Hunter,92 min, Crime; Drama; Film-Noir; Thriller,Charles Laughton;Robert Mitchum,Davis Grubb;James Agee;Paul Gregory Productions,Robert Mitchum;Shelley Winters;Lillian Gish;James Gleason;Evelyn Varden;Peter Graves;Don Beddoe;Billy Chapin;Sally Jane Bruce;Gloria Castillo;Emmett Lynn,,"59,982"
Anatomy of a Murder,160 min, Crime; Drama; Mystery; Thriller,Otto Preminger,Wendell Mayes;John D. Voelker;Carlyle Productions,James Stewart;Lee Remick;Ben Gazzara;Arthur O'Connell;Eve Arden;Kathryn Grant;George C. Scott;Orson Bean;Russ Brown;Murray Hamilton;Brooks West;Ken Lynch;John Qualen;Howard McNear;Alexander Campbell,,"42,624"
Before Sunset,80 min, Drama; Romance,Richard Linklater,Richard Linklater;Julie Delpy;Warner Independent Pictures (WIP);Castle Rock Entertainment;Detour Filmproduction,Ethan Hawke;Julie Delpy;Vernon Dobtcheff;Louise Lemoine Torrès;Rodolphe Pauly;Mariane Plasteig;Diabolo;Denis Evrard;Albert Delpy;Marie Pillet,,"153,469"
La Strada,108 min, Drama,Federico Fellini,Federico Fellini;Tullio Pinelli;Ponti-De Laurentiis Cinematografica,Anthony Quinn;Giulietta Masina;Richard Basehart;Aldo Silvani;Marcella Rovere;Livia Venturini,,"43,893"
La dolce vita,180 min, Comedy; Drama,Federico Fellini,Federico Fellini;Ennio Flaiano;Riama Film;Gray-Film;Pathé Consortium Cinéma,Marcello Mastroianni;Anita Ekberg;Anouk Aimée;Yvonne Furneaux;Magali Noël;Alain Cuny;Annibale Ninchi;Walter Santesso;Lex Barker;Jacques Sernas;Nadia Gray;Valeria Ciangottini;Riccardo Garrone;Ida Galli;Audrey McDonald,,"45,276"
The Hustler,134 min, Drama; Sport,Robert Rossen,Sidney Carroll;Robert Rossen;Rossen Films;Twentieth Century Fox Film Corporation,Paul Newman;Jackie Gleason;Piper Laurie;George C. Scott;Myron McCormick;Murray Hamilton;Michael Constantine;Stefan Gierasch;Clifford A. Pellow;Jake LaMotta;Gordon B. Clarke;Alexander Rose;Carolyn Coates;Carl York;Vincent Gardenia,,"59,815"
The Graduate,106 min, Comedy; Drama; Romance,Mike Nichols,Calder Willingham;Buck Henry;Lawrence Turman,Anne Bancroft;Dustin Hoffman;Katharine Ross;William Daniels;Murray Hamilton;Elizabeth Wilson;Buck Henry;Brian Avery;Walter Brooke;Norman Fell;Alice Ghostley;Marion Lorne;Eddra Gale,,"200,068"
Le samouraï,105 min, Crime; Drama; Mystery; Thriller,Jean-Pierre Melville,Jean-Pierre Melville;Georges Pellegrin;Compagnie Industrielle et Commerciale Cinématographique (CICC);Fida Cinematografica;Filmel,Alain Delon;François Périer;Nathalie Delon;Cathy Rosier;Jacques Leroy;Michel Boisrond;Robert Favart;Jean-Pierre Posier;Catherine Jourdan;Roger Fradet;Carlo Nell;Robert Rondo;André Salgues;André Thorent;Jacques Deschamps,,"29,408"
Fa yeung nin wa,98 min, Drama; Romance,Kar Wai Wong,Kar Wai Wong;Block 2 Pictures;Jet Tone Production;Paradis Films,Maggie Cheung;Tony Chiu Wai Leung;Ping Lam Siu;Tung Cho 'Joe' Cheung;Rebecca Pan;Kelly Lai Chen;Man-Lei Chan;Szu-Ying Chien;Roy Cheung;Paulyn Sun;Po-chun Chow;Kam-wah Koo;Hsien Yu,,"68,696"
Solaris,115 min, Drama; Mystery; Sci-Fi,Andrei Tarkovsky,Stanislaw Lem;Fridrikh Gorenshteyn;Creative Unit of Writers &amp; Cinema Workers;Kinostudiya ''Mosfilm'';Unit Four,Natalya Bondarchuk;Donatas Banionis;Jüri Järvet;Vladislav Dvorzhetskiy;Nikolay Grinko;Anatoliy Solonitsyn;Olga Barnet;Vitalik Kerdimun;Olga Kizilova;Tatyana Malykh;Aleksandr Misharin;Bagrat Oganesyan;Tamara Ogorodnikova;Sos Sargsyan;Yulian Semyonov,,"49,377"
Trois couleurs: Rouge,99 min, Drama; Mystery; Romance,Krzysztof Kieslowski,Krzysztof Kieslowski;Krzysztof Piesiewicz;MK2 Productions;France 3 Cinéma;CAB Productions,Irène Jacob;Jean-Louis Trintignant;Frédérique Feder;Jean-Pierre Lorit;Samuel Le Bihan;Marion Stalens;Teco Celio;Bernard Escalon;Jean Schlegel;Elzbieta Jasinska;Paul Vermeulen;Jean-Marie Daunas;Roland Carey;Brigitte Raul;Leo Ramseyer,,"59,374"
Queen,146 min, Adventure; Comedy; Drama,Vikas Bahl,Vikas Bahl;Chaitally Parmar;Viacom18 Motion Pictures;Phantom Films,Kangana Ranaut;Rajkummar Rao;Lisa Haydon;Mish Boyko;Jeffrey Chee Eng Ho;Marco Canadea;Guithob Joseph;Yogendra Tikku;Alka Badola Kaushal;Tripta Lakhanpal;Chinmay Chandraunshuh;Nayani Dixit;Sabeeka Imam;Ayaan Malik;Ramesh Kalra,,"33,706"
Wat is er toch van Baby Jane terechtgekomen?,134 min, Drama; Thriller,Robert Aldrich,"Henry Farrell;Lukas Heller;Associates &amp; Aldrich Company, The;Seven Arts Pictures;Warner Bros.",Bette Davis;Joan Crawford;Victor Buono;Wesley Addy;Julie Allred;Anne Barton;Marjorie Bennett;Bert Freed;Anna Lee;Maidie Norman;Dave Willock;William Aldrich;Russ Conway;Maxine Cooper;Robert Cornthwaite,,"28,785"
